{
  "entry_1": {
    "AT": 152.0,
    "BE": 193.2,
    "BG": 182.7,
    "CY": 141.1,
    "CZ": 150.5,
    "DE": 156.6,
    "DK": 191.1,
    "EE": 175.7,
    "EL": 144.0,
    "ES": 157.2,
    "FI": 141.3,
    "FR": 150.9,
    "HR": 147.8,
    "HU": 280.8,
    "IE": null,
    "IT": 158.2,
    "LT": 166.7,
    "LU": 138.7,
    "LV": 195.2,
    "MT": 117.7,
    "NL": 168.8,
    "PL": 177.1,
    "PT": 137.4,
    "RO": 241.7,
    "SI": 151.0,
    "SK": 200.5
  },
  "entry_2": {
    "AT": 151.5,
    "BE": 193.4,
    "BG": 174.9,
    "CY": 145.6,
    "CZ": 149.4,
    "DE": 157.0,
    "DK": 192.9,
    "EE": 177.5,
    "EL": 144.8,
    "ES": 156.3,
    "FI": 143.0,
    "FR": 151.7,
    "HR": 147.1,
    "HU": 281.3,
    "IE": 165.7,
    "IT": 158.9,
    "LT": 166.6,
    "LU": 142.0,
    "LV": 193.1,
    "MT": 117.8,
    "NL": 168.2,
    "PL": 174.9,
    "PT": 136.3,
    "RO": 241.4,
    "SI": 151.0,
    "SK": 206.1
  },
  "entry_3": {
    "AT": null,
    "BE": null,
    "BG": null,
    "CY": null,
    "CZ": null,
    "DE": null,
    "DK": null,
    "EE": null,
    "EL": null,
    "ES": null,
    "FI": null,
    "FR": null,
    "HR": null,
    "HU": null,
    "IE": null,
    "IT": null,
    "LT": null,
    "LU": null,
    "LV": null,
    "MT": null,
    "NL": null,
    "PL": null,
    "PT": null,
    "RO": null,
    "SI": null,
    "SK": null
  },
  "entry_4": {
    "AT": null,
    "BE": null,
    "BG": null,
    "CY": null,
    "CZ": null,
    "DE": null,
    "DK": null,
    "EE": null,
    "EL": null,
    "ES": null,
    "FI": null,
    "FR": null,
    "HR": null,
    "HU": null,
    "IE": null,
    "IT": null,
    "LT": null,
    "LU": null,
    "LV": null,
    "MT": null,
    "NL": null,
    "PL": null,
    "PT": null,
    "RO": null,
    "SI": null,
    "SK": null
  },
  "entry_5": {
    "AT": null,
    "BE": null,
    "BG": null,
    "CY": null,
    "CZ": null,
    "DE": null,
    "DK": null,
    "EE": null,
    "EL": null,
    "ES": null,
    "FI": null,
    "FR": null,
    "HR": null,
    "HU": null,
    "IE": null,
    "IT": null,
    "LT": null,
    "LU": null,
    "LV": null,
    "MT": null,
    "NL": null,
    "PL": null,
    "PT": null,
    "RO": null,
    "SI": null,
    "SK": null
  }
}
