{
  "entry_1": {
    "AT": 9878501.1,
    "BE": 2198291.0,
    "CY": 363648.9,
    "CZ": 2934812.8,
    "DE": 24141722.0,
    "DK": 1858376.6,
    "EL": 1983055.6,
    "ES": 26784630.8,
    "FI": 1887318.5,
    "FR": 22487319.6,
    "HR": 722529.8,
    "HU": 1601782.3,
    "IT": 15310736.6,
    "LT": 418727.8,
    "LU": 116416.5,
    "LV": 217228.5,
    "MT": 538296.9,
    "NL": 6942347.0,
    "PL": 4812045.1,
    "PT": 4240176.4,
    "RO": 1173832.7,
    "SE": 3816773.1,
    "SI": 645724.4,
    "SK": 651958.0
  },
  "entry_2": {
    "AT": 10058730.5,
    "BE": 2302374.3,
    "CY": 278169.8,
    "CZ": 2941387.4,
    "DE": 24639979.1,
    "DK": 1789078.7,
    "EL": 1776108.9,
    "ES": 27464533.1,
    "FI": 1711266.9,
    "FR": 20487232.5,
    "HR": 931044.3,
    "HU": 1603553.9,
    "IT": 21340526.1,
    "LT": 407065.4,
    "LU": 130054.9,
    "LV": 221705.6,
    "MT": 453042.7,
    "NL": 7090533.7,
    "PL": 5406797.0,
    "PT": 5124487.8,
    "RO": 1167471.5,
    "SE": 3967305.2,
    "SI": 691396.7,
    "SK": 808269.6
  },
  "entry_3": {
    "AT": 10758736.5,
    "BE": 2769227.0,
    "CY": 785440.1,
    "CZ": 3820586.0,
    "DE": 29459743.9,
    "DK": 1996357.4,
    "EL": 3823704.9,
    "ES": 29239633.8,
    "FI": 1594833.3,
    "FR": 20272886.7,
    "HR": 850382.6,
    "HU": 1634568.9,
    "IT": 18741171.1,
    "LT": 594539.1,
    "LU": 157127.6,
    "LV": 278388.6,
    "MT": 599337.7,
    "NL": 8518139.5,
    "PL": 5329516.0,
    "PT": 4754065.5,
    "RO": 2086297.7,
    "SE": 3770384.5,
    "SI": 790302.0,
    "SK": 1170931.3
  },
  "entry_4": {
    "AT": null,
    "BE": null,
    "CY": null,
    "CZ": null,
    "DE": null,
    "DK": null,
    "EL": null,
    "ES": null,
    "FI": null,
    "FR": null,
    "HR": null,
    "HU": null,
    "IT": null,
    "LT": null,
    "LU": null,
    "LV": null,
    "MT": null,
    "NL": null,
    "PL": null,
    "PT": null,
    "RO": null,
    "SE": null,
    "SI": null,
    "SK": null
  },
  "entry_5": {
    "AT": null,
    "BE": null,
    "CY": null,
    "CZ": null,
    "DE": null,
    "DK": null,
    "EL": null,
    "ES": null,
    "FI": null,
    "FR": null,
    "HR": null,
    "HU": null,
    "IT": null,
    "LT": null,
    "LU": null,
    "LV": null,
    "MT": null,
    "NL": null,
    "PL": null,
    "PT": null,
    "RO": null,
    "SE": null,
    "SI": null,
    "SK": null
  }
}
