{
  "entry_1": {
    "AT": 2612.2951,
    "BE": 6741.7214,
    "BG": 677.0875,
    "CY": 126.3011,
    "CZ": 1938.2439,
    "DE": 29679.8241,
    "DK": 2509.8975,
    "EE": 197.3574,
    "EL": 972.7755,
    "ES": 5792.2408,
    "FI": 1301.9415,
    "FR": 11339.7517,
    "HR": 341.2296,
    "HU": 1386.3117,
    "IE": 5488.2732,
    "IT": 12684.8933,
    "LT": 552.0829,
    "LU": 101.3217,
    "LV": 219.9864,
    "MT": 65.4407,
    "NL": 10951.9548,
    "PL": 3715.3708,
    "PT": 968.534,
    "RO": 1090.7031,
    "SE": 3454.3734,
    "SI": 1312.6008,
    "SK": 972.5123
  },
  "entry_2": {
    "AT": 2642.6933,
    "BE": 7059.5885,
    "BG": 671.0619,
    "CY": 137.5071,
    "CZ": 1899.8867,
    "DE": 29600.0563,
    "DK": 2272.6697,
    "EE": 198.076,
    "EL": 946.2729,
    "ES": 5959.9692,
    "FI": 1327.8861,
    "FR": 11339.7517,
    "HR": 329.2663,
    "HU": 1336.7454,
    "IE": 5054.9347,
    "IT": 12684.8933,
    "LT": 578.6334,
    "LU": 115.3402,
    "LV": 265.368,
    "MT": 68.5519,
    "NL": 10794.7079,
    "PL": 3766.0143,
    "PT": 968.534,
    "RO": 1063.6075,
    "SE": 3454.3734,
    "SI": 1225.7695,
    "SK": 972.5123
  },
  "entry_3": {
    "AT": 2638.0872,
    "BE": 6848.2287,
    "BG": 674.8323,
    "CY": 125.0382,
    "CZ": 1985.3669,
    "DE": 30406.6573,
    "DK": 2387.0954,
    "EE": 201.2799,
    "EL": 959.4745,
    "ES": 5961.1532,
    "FI": 1277.8314,
    "FR": 11647.9851,
    "HR": 337.759,
    "HU": 1578.9473,
    "IE": 5383.4494,
    "IT": 13047.1723,
    "LT": 565.3582,
    "LU": 102.5048,
    "LV": 229.5571,
    "MT": 73.4423,
    "NL": 10896.3152,
    "PL": 3801.8598,
    "PT": 964.8589,
    "RO": 922.8407,
    "SE": 3606.9675,
    "SI": 1295.2209,
    "SK": 967.452
  },
  "entry_4": {
    "AT": null,
    "BE": null,
    "BG": null,
    "CY": null,
    "CZ": null,
    "DE": null,
    "DK": null,
    "EE": null,
    "EL": null,
    "ES": null,
    "FI": null,
    "FR": null,
    "HR": null,
    "HU": null,
    "IE": null,
    "IT": null,
    "LT": null,
    "LU": null,
    "LV": null,
    "MT": null,
    "NL": null,
    "PL": null,
    "PT": null,
    "RO": null,
    "SE": null,
    "SI": null,
    "SK": null
  },
  "entry_5": {
    "AT": null,
    "BE": null,
    "BG": null,
    "CY": null,
    "CZ": null,
    "DE": null,
    "DK": null,
    "EE": null,
    "EL": null,
    "ES": null,
    "FI": null,
    "FR": null,
    "HR": null,
    "HU": null,
    "IE": null,
    "IT": null,
    "LT": null,
    "LU": null,
    "LV": null,
    "MT": null,
    "NL": null,
    "PL": null,
    "PT": null,
    "RO": null,
    "SE": null,
    "SI": null,
    "SK": null
  }
}
