{
  "entry_1": {
    "AT": 133.2,
    "BE": 127.9,
    "BG": 120.5,
    "CY": 133.4,
    "CZ": 114.2,
    "DE": 98.2,
    "DK": 142.6,
    "EE": 120.5,
    "EL": 121.2,
    "ES": 105.9,
    "FI": 118.2,
    "FR": 99.6,
    "HR": 111.6,
    "HU": 120.4,
    "IT": 104.0,
    "LT": 147.7,
    "LV": 121.2,
    "MT": 111.5,
    "PL": 150.0,
    "PT": 98.9,
    "RO": 107.3,
    "SE": 121.1,
    "SI": 128.0,
    "SK": 108.1
  },
  "entry_2": {
    "AT": 133.6,
    "BE": 127.6,
    "BG": 120.4,
    "CY": 134.4,
    "CZ": 113.8,
    "DE": 95.5,
    "DK": 143.0,
    "EE": 121.0,
    "EL": 122.6,
    "ES": 105.7,
    "FI": 118.1,
    "FR": 97.3,
    "HR": 112.0,
    "HU": 120.4,
    "IT": 103.8,
    "LT": 144.6,
    "LV": 118.1,
    "MT": 111.8,
    "PL": 149.8,
    "PT": 97.7,
    "RO": 107.6,
    "SE": 119.3,
    "SI": 127.3,
    "SK": 111.0
  },
  "entry_3": {
    "AT": null,
    "BE": null,
    "BG": null,
    "CY": null,
    "CZ": null,
    "DE": null,
    "DK": null,
    "EE": null,
    "EL": null,
    "ES": null,
    "FI": null,
    "FR": null,
    "HR": null,
    "HU": null,
    "IT": null,
    "LT": null,
    "LV": null,
    "MT": null,
    "PL": null,
    "PT": null,
    "RO": null,
    "SE": null,
    "SI": null,
    "SK": null
  },
  "entry_4": {
    "AT": null,
    "BE": null,
    "BG": null,
    "CY": null,
    "CZ": null,
    "DE": null,
    "DK": null,
    "EE": null,
    "EL": null,
    "ES": null,
    "FI": null,
    "FR": null,
    "HR": null,
    "HU": null,
    "IT": null,
    "LT": null,
    "LV": null,
    "MT": null,
    "PL": null,
    "PT": null,
    "RO": null,
    "SE": null,
    "SI": null,
    "SK": null
  },
  "entry_5": {
    "AT": null,
    "BE": null,
    "BG": null,
    "CY": null,
    "CZ": null,
    "DE": null,
    "DK": null,
    "EE": null,
    "EL": null,
    "ES": null,
    "FI": null,
    "FR": null,
    "HR": null,
    "HU": null,
    "IT": null,
    "LT": null,
    "LV": null,
    "MT": null,
    "PL": null,
    "PT": null,
    "RO": null,
    "SE": null,
    "SI": null,
    "SK": null
  }
}
