{
  "entry_1": {
    "AT": 130.2,
    "BE": 124.3,
    "BG": 119.2,
    "CY": 130.8,
    "CZ": 114.7,
    "DE": 96.1,
    "DK": 141.8,
    "EE": 121.6,
    "EL": 116.6,
    "ES": 104.8,
    "FI": 120.6,
    "FR": 98.4,
    "HR": 110.0,
    "HU": 120.4,
    "IT": 103.8,
    "LT": 147.4,
    "LV": 117.8,
    "MT": 112.6,
    "PL": 151.6,
    "PT": 100.9,
    "RO": 107.9,
    "SE": 117.8,
    "SI": 131.1,
    "SK": 105.3
  },
  "entry_2": {
    "AT": 129.7,
    "BE": 122.7,
    "BG": 119.0,
    "CY": 130.2,
    "CZ": 113.9,
    "DE": 95.4,
    "DK": 142.4,
    "EE": 121.5,
    "EL": 114.4,
    "ES": 104.9,
    "FI": 120.6,
    "FR": 96.3,
    "HR": 109.8,
    "HU": 120.4,
    "IT": 103.9,
    "LT": 145.6,
    "LV": 116.2,
    "MT": 110.4,
    "PL": 151.2,
    "PT": 97.2,
    "RO": 106.8,
    "SE": 119.3,
    "SI": 133.7,
    "SK": 105.8
  },
  "entry_3": {
    "AT": null,
    "BE": null,
    "BG": null,
    "CY": null,
    "CZ": null,
    "DE": null,
    "DK": null,
    "EE": null,
    "EL": null,
    "ES": null,
    "FI": null,
    "FR": null,
    "HR": null,
    "HU": null,
    "IT": null,
    "LT": null,
    "LV": null,
    "MT": null,
    "PL": null,
    "PT": null,
    "RO": null,
    "SE": null,
    "SI": null,
    "SK": null
  },
  "entry_4": {
    "AT": null,
    "BE": null,
    "BG": null,
    "CY": null,
    "CZ": null,
    "DE": null,
    "DK": null,
    "EE": null,
    "EL": null,
    "ES": null,
    "FI": null,
    "FR": null,
    "HR": null,
    "HU": null,
    "IT": null,
    "LT": null,
    "LV": null,
    "MT": null,
    "PL": null,
    "PT": null,
    "RO": null,
    "SE": null,
    "SI": null,
    "SK": null
  },
  "entry_5": {
    "AT": null,
    "BE": null,
    "BG": null,
    "CY": null,
    "CZ": null,
    "DE": null,
    "DK": null,
    "EE": null,
    "EL": null,
    "ES": null,
    "FI": null,
    "FR": null,
    "HR": null,
    "HU": null,
    "IT": null,
    "LT": null,
    "LV": null,
    "MT": null,
    "PL": null,
    "PT": null,
    "RO": null,
    "SE": null,
    "SI": null,
    "SK": null
  }
}
