{
  "entry_1": {
    "AT": 10797.8199,
    "BE": 27163.7564,
    "BG": 2221.8128,
    "CY": 80.1003,
    "CZ": 16056.6536,
    "DE": 68249.6426,
    "DK": 5554.8982,
    "EE": 1071.0924,
    "EL": 2227.1062,
    "ES": 19566.7465,
    "FI": 3451.9301,
    "FR": 26474.8187,
    "HR": 1303.9008,
    "HU": 9128.5881,
    "IE": 6978.9514,
    "IT": 25036.5613,
    "LT": 1998.2971,
    "LU": 968.3083,
    "LV": 1096.2163,
    "MT": 120.6474,
    "NL": 49922.032,
    "PL": 21038.2692,
    "PT": 4741.8075,
    "RO": 5369.904,
    "SE": 8210.8425,
    "SI": 3390.1999,
    "SK": 6903.8762
  },
  "entry_2": {
    "AT": 11288.3815,
    "BE": 27608.5149,
    "BG": 2273.8677,
    "CY": 97.8066,
    "CZ": 16056.6536,
    "DE": 70129.3451,
    "DK": 5614.9536,
    "EE": 1061.3488,
    "EL": 2277.9761,
    "ES": 20391.1193,
    "FI": 3469.0562,
    "FR": 26474.8187,
    "HR": 1298.3737,
    "HU": 9375.7926,
    "IE": 7398.5855,
    "IT": 26394.8525,
    "LT": 2047.35,
    "LU": 1002.8618,
    "LV": 1102.1075,
    "MT": 139.5242,
    "NL": 49189.2325,
    "PL": 21520.4466,
    "PT": 4624.8578,
    "RO": 5500.3179,
    "SE": 8210.8425,
    "SI": 3341.3992,
    "SK": 6903.8762
  },
  "entry_3": {
    "AT": 11185.5482,
    "BE": 27783.3124,
    "BG": 2272.3385,
    "CY": 87.7127,
    "CZ": 16186.3093,
    "DE": 71307.2794,
    "DK": 5658.9926,
    "EE": 1073.3618,
    "EL": 2248.811,
    "ES": 20434.256,
    "FI": 3480.4461,
    "FR": 28363.7841,
    "HR": 1392.0585,
    "HU": 9366.7232,
    "IE": 7448.1408,
    "IT": 26597.0575,
    "LT": 2027.8714,
    "LU": 1010.0373,
    "LV": 1104.6774,
    "MT": 129.7994,
    "NL": 50490.932,
    "PL": 21523.3967,
    "PT": 4898.4884,
    "RO": 5554.0295,
    "SE": 8286.8488,
    "SI": 3503.6995,
    "SK": 7082.8355
  },
  "entry_4": {
    "AT": null,
    "BE": null,
    "BG": null,
    "CY": null,
    "CZ": null,
    "DE": null,
    "DK": null,
    "EE": null,
    "EL": null,
    "ES": null,
    "FI": null,
    "FR": null,
    "HR": null,
    "HU": null,
    "IE": null,
    "IT": null,
    "LT": null,
    "LU": null,
    "LV": null,
    "MT": null,
    "NL": null,
    "PL": null,
    "PT": null,
    "RO": null,
    "SE": null,
    "SI": null,
    "SK": null
  },
  "entry_5": {
    "AT": null,
    "BE": null,
    "BG": null,
    "CY": null,
    "CZ": null,
    "DE": null,
    "DK": null,
    "EE": null,
    "EL": null,
    "ES": null,
    "FI": null,
    "FR": null,
    "HR": null,
    "HU": null,
    "IE": null,
    "IT": null,
    "LT": null,
    "LU": null,
    "LV": null,
    "MT": null,
    "NL": null,
    "PL": null,
    "PT": null,
    "RO": null,
    "SE": null,
    "SI": null,
    "SK": null
  }
}
