{
  "entry_1": {
    "AT": 1804.4022,
    "BE": 7526.3415,
    "BG": 925.2329,
    "CY": 193.4368,
    "CZ": 2478.3868,
    "DE": 19264.9304,
    "DK": 1635.4925,
    "EE": 139.2981,
    "EL": 1910.1737,
    "ES": 8005.9634,
    "FI": 934.2589,
    "FR": 10376.1048,
    "HR": 423.6507,
    "HU": 1692.5079,
    "IE": 3317.804,
    "IT": 9988.0948,
    "LT": 573.9546,
    "LU": 74.1806,
    "LV": 173.0695,
    "MT": 139.7954,
    "NL": 18309.3237,
    "PL": 6040.5866,
    "PT": 1205.3119,
    "RO": 1519.8225,
    "SE": 2336.747,
    "SI": 1732.8545,
    "SK": 863.9743
  },
  "entry_2": {
    "AT": 1804.3997,
    "BE": 7398.069,
    "BG": 1311.1402,
    "CY": 189.6287,
    "CZ": 2489.4038,
    "DE": 18991.9941,
    "DK": 1510.012,
    "EE": 134.78,
    "EL": 693.9506,
    "ES": 7972.7462,
    "FI": 896.4247,
    "FR": 16722.6299,
    "HR": 404.5253,
    "HU": 1670.7086,
    "IE": 3317.7982,
    "IT": 10191.4461,
    "LT": 551.773,
    "LU": 83.003,
    "LV": 186.3765,
    "MT": 124.2323,
    "NL": 17971.4157,
    "PL": 4739.4716,
    "PT": 1129.112,
    "RO": 1402.3124,
    "SE": 2394.6823,
    "SI": 1732.8475,
    "SK": 876.6581
  },
  "entry_3": {
    "AT": 1534.87,
    "BE": 7490.8263,
    "BG": 988.7467,
    "CY": 194.2671,
    "CZ": 2846.9648,
    "DE": 19070.3374,
    "DK": 1589.2307,
    "EE": 138.9028,
    "EL": 1964.4087,
    "ES": 7935.5528,
    "FI": 905.0072,
    "FR": 14648.0828,
    "HR": 519.7478,
    "HU": 1662.1101,
    "IE": 2821.5924,
    "IT": 9658.42,
    "LT": 559.0818,
    "LU": 79.5873,
    "LV": 152.9158,
    "MT": 132.009,
    "NL": 18085.5267,
    "PL": 5726.1526,
    "PT": 1306.0292,
    "RO": 1461.6828,
    "SE": 2381.0783,
    "SI": 1437.6315,
    "SK": 747.3786
  },
  "entry_4": {
    "AT": null,
    "BE": null,
    "BG": null,
    "CY": null,
    "CZ": null,
    "DE": null,
    "DK": null,
    "EE": null,
    "EL": null,
    "ES": null,
    "FI": null,
    "FR": null,
    "HR": null,
    "HU": null,
    "IE": null,
    "IT": null,
    "LT": null,
    "LU": null,
    "LV": null,
    "MT": null,
    "NL": null,
    "PL": null,
    "PT": null,
    "RO": null,
    "SE": null,
    "SI": null,
    "SK": null
  },
  "entry_5": {
    "AT": null,
    "BE": null,
    "BG": null,
    "CY": null,
    "CZ": null,
    "DE": null,
    "DK": null,
    "EE": null,
    "EL": null,
    "ES": null,
    "FI": null,
    "FR": null,
    "HR": null,
    "HU": null,
    "IE": null,
    "IT": null,
    "LT": null,
    "LU": null,
    "LV": null,
    "MT": null,
    "NL": null,
    "PL": null,
    "PT": null,
    "RO": null,
    "SE": null,
    "SI": null,
    "SK": null
  }
}