{
  "entry_1": {
    "AT": 154.7,
    "BE": 219.2,
    "BG": 274.1,
    "CY": 151.3,
    "CZ": 144.2,
    "DE": 186.7,
    "DK": 213.2,
    "EE": 190.1,
    "EL": 141.8,
    "ES": 172.3,
    "FI": 154.2,
    "FR": 150.5,
    "HR": 151.5,
    "HU": 242.9,
    "IE": null,
    "IT": 188.4,
    "LT": 178.2,
    "LU": 146.7,
    "LV": 234.4,
    "MT": 116.7,
    "NL": 177.4,
    "PL": 165.1,
    "PT": 138.2,
    "RO": 229.2,
    "SI": 147.6,
    "SK": 208.4
  },
  "entry_2": {
    "AT": 154.9,
    "BE": 227.5,
    "BG": 272.4,
    "CY": 149.9,
    "CZ": 144.2,
    "DE": 182.6,
    "DK": 213.0,
    "EE": 185.9,
    "EL": 139.9,
    "ES": 171.4,
    "FI": 154.1,
    "FR": 153.5,
    "HR": 150.7,
    "HU": 240.3,
    "IE": 242.8,
    "IT": 185.4,
    "LT": 177.8,
    "LU": 149.7,
    "LV": 223.1,
    "MT": 117.0,
    "NL": 177.5,
    "PL": 165.6,
    "PT": 138.8,
    "RO": 229.2,
    "SI": 147.5,
    "SK": 200.5
  },
  "entry_3": {
    "AT": null,
    "BE": null,
    "BG": null,
    "CY": null,
    "CZ": null,
    "DE": null,
    "DK": null,
    "EE": null,
    "EL": null,
    "ES": null,
    "FI": null,
    "FR": null,
    "HR": null,
    "HU": null,
    "IE": null,
    "IT": null,
    "LT": null,
    "LU": null,
    "LV": null,
    "MT": null,
    "NL": null,
    "PL": null,
    "PT": null,
    "RO": null,
    "SI": null,
    "SK": null
  },
  "entry_4": {
    "AT": null,
    "BE": null,
    "BG": null,
    "CY": null,
    "CZ": null,
    "DE": null,
    "DK": null,
    "EE": null,
    "EL": null,
    "ES": null,
    "FI": null,
    "FR": null,
    "HR": null,
    "HU": null,
    "IE": null,
    "IT": null,
    "LT": null,
    "LU": null,
    "LV": null,
    "MT": null,
    "NL": null,
    "PL": null,
    "PT": null,
    "RO": null,
    "SI": null,
    "SK": null
  },
  "entry_5": {
    "AT": null,
    "BE": null,
    "BG": null,
    "CY": null,
    "CZ": null,
    "DE": null,
    "DK": null,
    "EE": null,
    "EL": null,
    "ES": null,
    "FI": null,
    "FR": null,
    "HR": null,
    "HU": null,
    "IE": null,
    "IT": null,
    "LT": null,
    "LU": null,
    "LV": null,
    "MT": null,
    "NL": null,
    "PL": null,
    "PT": null,
    "RO": null,
    "SI": null,
    "SK": null
  }
}
