{
  "entry_1": {
    "AT": 2569.3537,
    "BE": 6937.6852,
    "BG": 660.0784,
    "CY": 121.9399,
    "CZ": 2104.5594,
    "DE": 29874.7207,
    "DK": 2336.374,
    "EE": 204.2072,
    "EL": 964.029,
    "ES": 5767.7741,
    "FI": 1360.3991,
    "FR": 10860.5793,
    "HR": 348.0547,
    "HU": 1412.4296,
    "IE": 5599.3251,
    "IT": 12501.6271,
    "LT": 560.3877,
    "LU": 108.614,
    "LV": 227.6698,
    "MT": 71.6522,
    "NL": 11109.0831,
    "PL": 3773.533,
    "PT": 948.2177,
    "RO": 1113.6177,
    "SE": 3413.6349,
    "SI": 1378.2313,
    "SK": 972.2831
  },
  "entry_2": {
    "AT": 2642.9737,
    "BE": 7054.251,
    "BG": 660.0831,
    "CY": 136.1322,
    "CZ": 2110.6667,
    "DE": 29609.1826,
    "DK": 2259.9909,
    "EE": 200.6291,
    "EL": 953.1769,
    "ES": 6043.9017,
    "FI": 1333.6729,
    "FR": 11292.152,
    "HR": 333.905,
    "HU": 1338.6748,
    "IE": 5027.3556,
    "IT": 12646.5668,
    "LT": 563.2802,
    "LU": 128.2228,
    "LV": 264.7907,
    "MT": 71.2091,
    "NL": 10870.4488,
    "PL": 3806.0651,
    "PT": 952.6089,
    "RO": 1070.4255,
    "SE": 3483.5824,
    "SI": 1296.1635,
    "SK": 980.8968
  },
  "entry_3": {
    "AT": 2608.2767,
    "BE": 6895.0284,
    "BG": 648.106,
    "CY": 127.5215,
    "CZ": 2125.6948,
    "DE": 30242.4209,
    "DK": 1993.4514,
    "EE": 175.6124,
    "EL": 960.8776,
    "ES": 5947.8509,
    "FI": 900.6523,
    "FR": 11114.6996,
    "HR": 341.2338,
    "HU": 1378.1242,
    "IE": 5423.6094,
    "IT": 12718.3677,
    "LT": 556.3849,
    "LU": 103.3765,
    "LV": 244.9286,
    "MT": 79.7971,
    "NL": 11057.1824,
    "PL": 3820.4894,
    "PT": 944.7616,
    "RO": 1092.8374,
    "SE": 3507.4907,
    "SI": 1374.8205,
    "SK": 981.3745
  },
  "entry_4": {
    "AT": null,
    "BE": null,
    "BG": null,
    "CY": null,
    "CZ": null,
    "DE": null,
    "DK": null,
    "EE": null,
    "EL": null,
    "ES": null,
    "FI": null,
    "FR": null,
    "HR": null,
    "HU": null,
    "IE": null,
    "IT": null,
    "LT": null,
    "LU": null,
    "LV": null,
    "MT": null,
    "NL": null,
    "PL": null,
    "PT": null,
    "RO": null,
    "SE": null,
    "SI": null,
    "SK": null
  },
  "entry_5": {
    "AT": null,
    "BE": null,
    "BG": null,
    "CY": null,
    "CZ": null,
    "DE": null,
    "DK": null,
    "EE": null,
    "EL": null,
    "ES": null,
    "FI": null,
    "FR": null,
    "HR": null,
    "HU": null,
    "IE": null,
    "IT": null,
    "LT": null,
    "LU": null,
    "LV": null,
    "MT": null,
    "NL": null,
    "PL": null,
    "PT": null,
    "RO": null,
    "SE": null,
    "SI": null,
    "SK": null
  }
}
