{
  "entry_1": {
    "AT": 5040.4958,
    "BE": 12889.6028,
    "BG": 1139.289,
    "CY": 304.1951,
    "CZ": 4295.3704,
    "DE": 57344.8613,
    "DK": 4851.7099,
    "EE": 400.248,
    "EL": 1834.6239,
    "ES": 11684.5302,
    "FI": 2499.7637,
    "FR": 22691.2934,
    "HR": 736.4771,
    "HU": 2689.0246,
    "IE": 13400.9525,
    "IT": 25459.44,
    "LT": 1007.3445,
    "LU": 233.4392,
    "LV": 476.6645,
    "MT": 158.8706,
    "NL": 22104.2462,
    "PL": 7662.814,
    "PT": 1794.7991,
    "RO": 2211.6613,
    "SE": 6984.7926,
    "SI": 2967.8134,
    "SK": 1955.0642
  },
  "entry_2": {
    "AT": 5216.762,
    "BE": 13363.9078,
    "BG": 1305.3697,
    "CY": 255.0524,
    "CZ": 4169.3,
    "DE": 58755.0344,
    "DK": 4624.8738,
    "EE": 396.379,
    "EL": 1865.1115,
    "ES": 12136.7255,
    "FI": 2605.0547,
    "FR": 22536.9369,
    "HR": 678.15,
    "HU": 2749.4429,
    "IE": 13400.9525,
    "IT": 25165.4681,
    "LT": 1017.4547,
    "LU": 239.3612,
    "LV": 482.5803,
    "MT": 139.8985,
    "NL": 21933.7083,
    "PL": 7597.7088,
    "PT": 1891.9548,
    "RO": 2153.3729,
    "SE": 6954.7,
    "SI": 2937.1952,
    "SK": 1955.0642
  },
  "entry_3": {
    "AT": 5216.1755,
    "BE": 13258.4285,
    "BG": 1220.5649,
    "CY": 277.8059,
    "CZ": 4248.7821,
    "DE": 59163.5826,
    "DK": 4779.2891,
    "EE": 403.3946,
    "EL": 1837.9875,
    "ES": 12212.1091,
    "FI": 2547.3419,
    "FR": 22971.0973,
    "HR": 711.2582,
    "HU": 2754.334,
    "IE": 12890.2539,
    "IT": 25903.5887,
    "LT": 1013.9884,
    "LU": 235.0652,
    "LV": 487.7268,
    "MT": 141.8867,
    "NL": 22210.7637,
    "PL": 7703.834,
    "PT": 1865.135,
    "RO": 2191.3292,
    "SE": 7092.3307,
    "SI": 3074.1505,
    "SK": 2033.6159
  },
  "entry_4": {
    "AT": null,
    "BE": null,
    "BG": null,
    "CY": null,
    "CZ": null,
    "DE": null,
    "DK": null,
    "EE": null,
    "EL": null,
    "ES": null,
    "FI": null,
    "FR": null,
    "HR": null,
    "HU": null,
    "IE": null,
    "IT": null,
    "LT": null,
    "LU": null,
    "LV": null,
    "MT": null,
    "NL": null,
    "PL": null,
    "PT": null,
    "RO": null,
    "SE": null,
    "SI": null,
    "SK": null
  },
  "entry_5": {
    "AT": null,
    "BE": null,
    "BG": null,
    "CY": null,
    "CZ": null,
    "DE": null,
    "DK": null,
    "EE": null,
    "EL": null,
    "ES": null,
    "FI": null,
    "FR": null,
    "HR": null,
    "HU": null,
    "IE": null,
    "IT": null,
    "LT": null,
    "LU": null,
    "LV": null,
    "MT": null,
    "NL": null,
    "PL": null,
    "PT": null,
    "RO": null,
    "SE": null,
    "SI": null,
    "SK": null
  }
}
