{
  "entry_1": {
    "AT": 130.5,
    "BE": 130.0,
    "BG": 123.7,
    "CY": 131.9,
    "CZ": 115.7,
    "DE": 95.7,
    "DK": 132.5,
    "EE": 115.1,
    "EL": 118.7,
    "ES": 104.7,
    "FI": 115.5,
    "FR": 97.9,
    "HR": 109.5,
    "HU": 122.3,
    "IT": 103.6,
    "LT": 156.8,
    "LV": 125.5,
    "MT": 110.9,
    "PL": 154.8,
    "PT": 100.1,
    "RO": 107.3,
    "SE": 113.4,
    "SI": 133.5,
    "SK": 107.1
  },
  "entry_2": {
    "AT": 130.0,
    "BE": 131.2,
    "BG": 123.7,
    "CY": 132.8,
    "CZ": 115.2,
    "DE": 95.1,
    "DK": 133.8,
    "EE": 113.1,
    "EL": 118.8,
    "ES": 104.7,
    "FI": 115.4,
    "FR": 97.1,
    "HR": 107.8,
    "HU": 122.3,
    "IT": 103.3,
    "LT": 152.3,
    "LV": 126.0,
    "MT": 109.0,
    "PL": 154.4,
    "PT": 100.5,
    "RO": 107.6,
    "SE": 112.8,
    "SI": 133.0,
    "SK": 107.2
  },
  "entry_3": {
    "AT": null,
    "BE": null,
    "BG": null,
    "CY": null,
    "CZ": null,
    "DE": null,
    "DK": null,
    "EE": null,
    "EL": null,
    "ES": null,
    "FI": null,
    "FR": null,
    "HR": null,
    "HU": null,
    "IT": null,
    "LT": null,
    "LV": null,
    "MT": null,
    "PL": null,
    "PT": null,
    "RO": null,
    "SE": null,
    "SI": null,
    "SK": null
  },
  "entry_4": {
    "AT": null,
    "BE": null,
    "BG": null,
    "CY": null,
    "CZ": null,
    "DE": null,
    "DK": null,
    "EE": null,
    "EL": null,
    "ES": null,
    "FI": null,
    "FR": null,
    "HR": null,
    "HU": null,
    "IT": null,
    "LT": null,
    "LV": null,
    "MT": null,
    "PL": null,
    "PT": null,
    "RO": null,
    "SE": null,
    "SI": null,
    "SK": null
  },
  "entry_5": {
    "AT": null,
    "BE": null,
    "BG": null,
    "CY": null,
    "CZ": null,
    "DE": null,
    "DK": null,
    "EE": null,
    "EL": null,
    "ES": null,
    "FI": null,
    "FR": null,
    "HR": null,
    "HU": null,
    "IT": null,
    "LT": null,
    "LV": null,
    "MT": null,
    "PL": null,
    "PT": null,
    "RO": null,
    "SE": null,
    "SI": null,
    "SK": null
  }
}
