{
  "entry_1": {
    "AT": 2610.0925,
    "BE": 6712.6116,
    "BG": 630.2807,
    "CY": 133.6956,
    "CZ": 2253.6558,
    "DE": 29565.0434,
    "DK": 2435.4338,
    "EE": 216.662,
    "EL": 889.4778,
    "ES": 5733.9961,
    "FI": 1292.8635,
    "FR": 11121.9241,
    "HR": 336.3972,
    "HU": 1425.1034,
    "IE": 5854.8689,
    "IT": 12674.9138,
    "LT": 551.0861,
    "LU": 109.8492,
    "LV": 254.7963,
    "MT": 87.0591,
    "NL": 11222.5254,
    "PL": 3864.0421,
    "PT": 956.8072,
    "RO": 1068.3415,
    "SE": 3403.8224,
    "SI": 1438.281,
    "SK": 1036.6492
  },
  "entry_2": {
    "AT": 2661.6938,
    "BE": 6871.5138,
    "BG": 662.109,
    "CY": 133.9365,
    "CZ": 2036.0801,
    "DE": 29766.766,
    "DK": 2302.8421,
    "EE": 203.2333,
    "EL": 935.724,
    "ES": 6079.9595,
    "FI": 1336.7957,
    "FR": 11390.2376,
    "HR": 338.8791,
    "HU": 1370.7266,
    "IE": 5307.9854,
    "IT": 12795.3715,
    "LT": 556.54,
    "LU": 126.9731,
    "LV": 261.8854,
    "MT": 74.5253,
    "NL": 10939.1264,
    "PL": 3831.9306,
    "PT": 964.6825,
    "RO": 1069.8225,
    "SE": 3509.1021,
    "SI": 1279.1437,
    "SK": 989.8388
  },
  "entry_3": {
    "AT": 2604.3461,
    "BE": 6806.7941,
    "BG": 800.0935,
    "CY": 133.812,
    "CZ": 2143.3481,
    "DE": 29739.9726,
    "DK": 2375.4656,
    "EE": 208.6287,
    "EL": 1041.8771,
    "ES": 6801.4297,
    "FI": 1328.6738,
    "FR": 11313.9503,
    "HR": 343.4929,
    "HU": 1403.6573,
    "IE": 5702.4965,
    "IT": 10904.4818,
    "LT": 658.3288,
    "LU": 114.3228,
    "LV": 257.8645,
    "MT": 80.9943,
    "NL": 12691.1802,
    "PL": 3845.5733,
    "PT": 1118.4289,
    "RO": 1228.7984,
    "SE": 3423.6299,
    "SI": 1182.2194,
    "SK": 1003.3491
  },
  "entry_4": {
    "AT": null,
    "BE": null,
    "BG": null,
    "CY": null,
    "CZ": null,
    "DE": null,
    "DK": null,
    "EE": null,
    "EL": null,
    "ES": null,
    "FI": null,
    "FR": null,
    "HR": null,
    "HU": null,
    "IE": null,
    "IT": null,
    "LT": null,
    "LU": null,
    "LV": null,
    "MT": null,
    "NL": null,
    "PL": null,
    "PT": null,
    "RO": null,
    "SE": null,
    "SI": null,
    "SK": null
  },
  "entry_5": {
    "AT": null,
    "BE": null,
    "BG": null,
    "CY": null,
    "CZ": null,
    "DE": null,
    "DK": null,
    "EE": null,
    "EL": null,
    "ES": null,
    "FI": null,
    "FR": null,
    "HR": null,
    "HU": null,
    "IE": null,
    "IT": null,
    "LT": null,
    "LU": null,
    "LV": null,
    "MT": null,
    "NL": null,
    "PL": null,
    "PT": null,
    "RO": null,
    "SE": null,
    "SI": null,
    "SK": null
  }
}
