{
  "entry_1": {
    "AT": 3914.5647,
    "BE": 14869.2177,
    "BG": 1850.6822,
    "CY": 472.1161,
    "CZ": 5331.4129,
    "DE": 39551.5808,
    "DK": 3411.1599,
    "EE": 287.3621,
    "EL": 3341.4228,
    "ES": 16332.058,
    "FI": 1853.9787,
    "FR": 21566.6,
    "HR": 822.6283,
    "HU": 3482.2735,
    "IE": 6646.6375,
    "IT": 20521.3705,
    "LT": 1033.1803,
    "LU": 146.2891,
    "LV": 298.5435,
    "MT": 224.3374,
    "NL": 38117.2091,
    "PL": 9967.4557,
    "PT": 2178.0049,
    "RO": 3178.0288,
    "SE": 4873.2913,
    "SI": 4835.8788,
    "SK": 1795.5292
  },
  "entry_2": {
    "AT": 3581.812,
    "BE": 14869.2177,
    "BG": 1761.2341,
    "CY": 389.7496,
    "CZ": 4958.8633,
    "DE": 38043.4175,
    "DK": 3287.2615,
    "EE": 270.012,
    "EL": 3414.5189,
    "ES": 15959.1797,
    "FI": 1809.3953,
    "FR": 21112.6719,
    "HR": 780.3046,
    "HU": 3327.7092,
    "IE": 6646.6375,
    "IT": 19863.4516,
    "LT": 1080.0692,
    "LU": 151.9138,
    "LV": 357.0797,
    "MT": 241.6966,
    "NL": 36087.6339,
    "PL": 9585.9059,
    "PT": 2236.7659,
    "RO": 3025.9497,
    "SE": 4820.9764,
    "SI": 3978.1785,
    "SK": 1740.4609
  },
  "entry_3": {
    "AT": 3670.9771,
    "BE": 14901.915,
    "BG": 1825.7685,
    "CY": 426.1177,
    "CZ": 5101.7738,
    "DE": 38681.4428,
    "DK": 3383.5738,
    "EE": 279.1389,
    "EL": 3385.7997,
    "ES": 16213.4989,
    "FI": 1819.7143,
    "FR": 21415.22,
    "HR": 804.8949,
    "HU": 3401.2492,
    "IE": 6651.5645,
    "IT": 20321.2034,
    "LT": 1079.2302,
    "LU": 146.7284,
    "LV": 327.0286,
    "MT": 241.2335,
    "NL": 36876.186,
    "PL": 9814.3894,
    "PT": 2228.5027,
    "RO": 3097.8783,
    "SE": 4827.3304,
    "SI": 4446.4576,
    "SK": 1718.0047
  },
  "entry_4": {
    "AT": null,
    "BE": null,
    "BG": null,
    "CY": null,
    "CZ": null,
    "DE": null,
    "DK": null,
    "EE": null,
    "EL": null,
    "ES": null,
    "FI": null,
    "FR": null,
    "HR": null,
    "HU": null,
    "IE": null,
    "IT": null,
    "LT": null,
    "LU": null,
    "LV": null,
    "MT": null,
    "NL": null,
    "PL": null,
    "PT": null,
    "RO": null,
    "SE": null,
    "SI": null,
    "SK": null
  },
  "entry_5": {
    "AT": null,
    "BE": null,
    "BG": null,
    "CY": null,
    "CZ": null,
    "DE": null,
    "DK": null,
    "EE": null,
    "EL": null,
    "ES": null,
    "FI": null,
    "FR": null,
    "HR": null,
    "HU": null,
    "IE": null,
    "IT": null,
    "LT": null,
    "LU": null,
    "LV": null,
    "MT": null,
    "NL": null,
    "PL": null,
    "PT": null,
    "RO": null,
    "SE": null,
    "SI": null,
    "SK": null
  }
}
