{
  "entry_1": {
    "AT": 5224.4594,
    "BE": 13571.4339,
    "BG": 1223.4224,
    "CY": 273.0546,
    "CZ": 4410.3455,
    "DE": 57670.8812,
    "DK": 4861.4009,
    "EE": 403.764,
    "EL": 1798.0969,
    "ES": 12413.3624,
    "FI": 2540.8739,
    "FR": 23025.8307,
    "HR": 785.4961,
    "HU": 2786.1936,
    "IE": 11746.8378,
    "IT": 26580.4671,
    "LT": 1011.992,
    "LU": 239.0918,
    "LV": 492.5077,
    "MT": 192.1383,
    "NL": 22678.8905,
    "PL": 7854.4086,
    "PT": 1913.4121,
    "RO": 2251.4974,
    "SE": 6862.2901,
    "SI": 3029.7875,
    "SK": 2134.4785
  },
  "entry_2": {
    "AT": 5213.0162,
    "BE": 13881.2824,
    "BG": 1260.519,
    "CY": 241.7452,
    "CZ": 4184.8,
    "DE": 58471.3541,
    "DK": 4601.414,
    "EE": 393.6387,
    "EL": 1860.0055,
    "ES": 12152.5283,
    "FI": 2503.9569,
    "FR": 22653.2323,
    "HR": 665.8021,
    "HU": 2733.1291,
    "IE": 11005.9704,
    "IT": 25402.5063,
    "LT": 895.6246,
    "LU": 241.8604,
    "LV": 464.5399,
    "MT": 142.8181,
    "NL": 21883.69,
    "PL": 7593.528,
    "PT": 1915.0312,
    "RO": 2135.0431,
    "SE": 6860.0332,
    "SI": 2711.3249,
    "SK": 1954.2249
  },
  "entry_3": {
    "AT": 5207.1172,
    "BE": 13567.202,
    "BG": 1242.5642,
    "CY": 259.7138,
    "CZ": 4343.6689,
    "DE": 57777.1478,
    "DK": 4759.0357,
    "EE": 397.3799,
    "EL": 1848.4721,
    "ES": 12192.0122,
    "FI": 2572.7875,
    "FR": 22644.0805,
    "HR": 733.9032,
    "HU": 2771.4969,
    "IE": 11340.5395,
    "IT": 25855.4492,
    "LT": 921.7264,
    "LU": 230.7075,
    "LV": 453.2717,
    "MT": 162.7966,
    "NL": 22341.5951,
    "PL": 7699.7854,
    "PT": 1882.8109,
    "RO": 2212.9445,
    "SE": 6832.9841,
    "SI": 2808.3213,
    "SK": 1978.1518
  },
  "entry_4": {
    "AT": null,
    "BE": null,
    "BG": null,
    "CY": null,
    "CZ": null,
    "DE": null,
    "DK": null,
    "EE": null,
    "EL": null,
    "ES": null,
    "FI": null,
    "FR": null,
    "HR": null,
    "HU": null,
    "IE": null,
    "IT": null,
    "LT": null,
    "LU": null,
    "LV": null,
    "MT": null,
    "NL": null,
    "PL": null,
    "PT": null,
    "RO": null,
    "SE": null,
    "SI": null,
    "SK": null
  },
  "entry_5": {
    "AT": null,
    "BE": null,
    "BG": null,
    "CY": null,
    "CZ": null,
    "DE": null,
    "DK": null,
    "EE": null,
    "EL": null,
    "ES": null,
    "FI": null,
    "FR": null,
    "HR": null,
    "HU": null,
    "IE": null,
    "IT": null,
    "LT": null,
    "LU": null,
    "LV": null,
    "MT": null,
    "NL": null,
    "PL": null,
    "PT": null,
    "RO": null,
    "SE": null,
    "SI": null,
    "SK": null
  }
}
