{
  "entry_1": {
    "AT": 1780.9394,
    "BE": 7464.4111,
    "BG": 945.8717,
    "CY": 191.7165,
    "CZ": 2452.8211,
    "DE": 18721.6915,
    "DK": 1573.683,
    "EE": 139.9801,
    "EL": 1671.0651,
    "ES": 7986.6958,
    "FI": 899.956,
    "FR": 10304.4315,
    "HR": 408.0119,
    "HU": 1669.4579,
    "IE": 3294.197,
    "IT": 9761.0094,
    "LT": 625.39,
    "LU": 69.0351,
    "LV": 176.5317,
    "MT": 142.2028,
    "NL": 17998.6455,
    "PL": 4755.8207,
    "PT": 1206.5985,
    "RO": 1569.7533,
    "SE": 2372.8293,
    "SI": 1669.8044,
    "SK": 823.0508
  },
  "entry_2": {
    "AT": 1798.6145,
    "BE": 7477.2719,
    "BG": 901.1829,
    "CY": 197.4209,
    "CZ": 2474.0761,
    "DE": 18723.2141,
    "DK": 1498.6418,
    "EE": 132.9427,
    "EL": 1711.9419,
    "ES": 8018.7175,
    "FI": 895.4025,
    "FR": 10439.6086,
    "HR": 408.0119,
    "HU": 1663.9459,
    "IE": 3319.9284,
    "IT": 9965.6159,
    "LT": 556.1656,
    "LU": 82.6933,
    "LV": 190.3494,
    "MT": 126.3015,
    "NL": 17998.6455,
    "PL": 4624.273,
    "PT": 1137.1545,
    "RO": 1408.1346,
    "SE": 2424.5023,
    "SI": 1621.7934,
    "SK": 872.9547
  },
  "entry_3": {
    "AT": 1774.4432,
    "BE": 7503.5947,
    "BG": 1051.1286,
    "CY": 131.6855,
    "CZ": 3024.1828,
    "DE": 18780.3663,
    "DK": 1230.5401,
    "EE": 138.0596,
    "EL": 1462.4048,
    "ES": 9204.8249,
    "FI": 885.5565,
    "FR": 10411.7048,
    "HR": 390.8487,
    "HU": 1675.0709,
    "IE": 3300.1443,
    "IT": 9940.201,
    "LT": 693.9039,
    "LU": 78.8865,
    "LV": 182.9746,
    "MT": 136.0003,
    "NL": 17991.0324,
    "PL": 5527.9717,
    "PT": 1353.0337,
    "RO": 1716.3206,
    "SE": 2751.1597,
    "SI": 1917.0581,
    "SK": 748.7454
  },
  "entry_4": {
    "AT": null,
    "BE": null,
    "BG": null,
    "CY": null,
    "CZ": null,
    "DE": null,
    "DK": null,
    "EE": null,
    "EL": null,
    "ES": null,
    "FI": null,
    "FR": null,
    "HR": null,
    "HU": null,
    "IE": null,
    "IT": null,
    "LT": null,
    "LU": null,
    "LV": null,
    "MT": null,
    "NL": null,
    "PL": null,
    "PT": null,
    "RO": null,
    "SE": null,
    "SI": null,
    "SK": null
  },
  "entry_5": {
    "AT": null,
    "BE": null,
    "BG": null,
    "CY": null,
    "CZ": null,
    "DE": null,
    "DK": null,
    "EE": null,
    "EL": null,
    "ES": null,
    "FI": null,
    "FR": null,
    "HR": null,
    "HU": null,
    "IE": null,
    "IT": null,
    "LT": null,
    "LU": null,
    "LV": null,
    "MT": null,
    "NL": null,
    "PL": null,
    "PT": null,
    "RO": null,
    "SE": null,
    "SI": null,
    "SK": null
  }
}
