{
  "entry_1": {
    "AT": 127.9,
    "BE": 128.4,
    "BG": 127.6,
    "CY": 132.3,
    "CZ": 115.5,
    "DE": 95.7,
    "DK": 134.8,
    "EE": 120.3,
    "EL": 118.8,
    "ES": 106.1,
    "FI": 118.9,
    "FR": 98.5,
    "HR": 112.0,
    "HU": 129.6,
    "IT": 105.0,
    "LT": 156.4,
    "LV": 121.5,
    "MT": 109.4,
    "PL": 152.8,
    "PT": 100.2,
    "RO": 108.9,
    "SE": 118.1,
    "SI": 130.8,
    "SK": 104.4
  },
  "entry_2": {
    "AT": 127.4,
    "BE": 128.5,
    "BG": 127.0,
    "CY": 132.0,
    "CZ": 116.1,
    "DE": 95.1,
    "DK": 135.5,
    "EE": 119.4,
    "EL": 117.0,
    "ES": 106.4,
    "FI": 119.6,
    "FR": 95.8,
    "HR": 111.5,
    "HU": 129.0,
    "IT": 105.1,
    "LT": 160.1,
    "LV": 120.8,
    "MT": 107.8,
    "PL": 152.0,
    "PT": 97.3,
    "RO": 108.2,
    "SE": 118.6,
    "SI": 129.6,
    "SK": 109.0
  },
  "entry_3": {
    "AT": null,
    "BE": null,
    "BG": null,
    "CY": null,
    "CZ": null,
    "DE": null,
    "DK": null,
    "EE": null,
    "EL": null,
    "ES": null,
    "FI": null,
    "FR": null,
    "HR": null,
    "HU": null,
    "IT": null,
    "LT": null,
    "LV": null,
    "MT": null,
    "PL": null,
    "PT": null,
    "RO": null,
    "SE": null,
    "SI": null,
    "SK": null
  },
  "entry_4": {
    "AT": null,
    "BE": null,
    "BG": null,
    "CY": null,
    "CZ": null,
    "DE": null,
    "DK": null,
    "EE": null,
    "EL": null,
    "ES": null,
    "FI": null,
    "FR": null,
    "HR": null,
    "HU": null,
    "IT": null,
    "LT": null,
    "LV": null,
    "MT": null,
    "PL": null,
    "PT": null,
    "RO": null,
    "SE": null,
    "SI": null,
    "SK": null
  },
  "entry_5": {
    "AT": null,
    "BE": null,
    "BG": null,
    "CY": null,
    "CZ": null,
    "DE": null,
    "DK": null,
    "EE": null,
    "EL": null,
    "ES": null,
    "FI": null,
    "FR": null,
    "HR": null,
    "HU": null,
    "IT": null,
    "LT": null,
    "LV": null,
    "MT": null,
    "PL": null,
    "PT": null,
    "RO": null,
    "SE": null,
    "SI": null,
    "SK": null
  }
}
