{
  "entry_1": {
    "AT": 151.7,
    "BE": 214.1,
    "BG": 251.4,
    "CY": 152.0,
    "CZ": 143.5,
    "DE": 178.0,
    "DK": 208.7,
    "EE": 186.0,
    "EL": 142.5,
    "ES": 170.0,
    "FI": 152.0,
    "FR": 147.1,
    "HR": 149.1,
    "HU": 231.7,
    "IE": null,
    "IT": 183.5,
    "LT": 174.4,
    "LU": 146.5,
    "LV": 225.0,
    "MT": 116.3,
    "NL": 173.3,
    "PL": 169.0,
    "PT": 137.4,
    "RO": 237.0,
    "SI": 145.4,
    "SK": 199.3
  },
  "entry_2": {
    "AT": 151.4,
    "BE": 221.9,
    "BG": 252.8,
    "CY": 154.6,
    "CZ": 143.0,
    "DE": 176.3,
    "DK": 208.5,
    "EE": 183.5,
    "EL": 140.0,
    "ES": 169.2,
    "FI": 151.9,
    "FR": 148.9,
    "HR": 148.0,
    "HU": 232.2,
    "IE": 238.17,
    "IT": 180.7,
    "LT": 174.2,
    "LU": 151.6,
    "LV": 213.2,
    "MT": 116.5,
    "NL": 174.7,
    "PL": 168.3,
    "PT": 137.5,
    "RO": 240.4,
    "SI": 145.4,
    "SK": 193.5
  },
  "entry_3": {
    "AT": null,
    "BE": null,
    "BG": null,
    "CY": null,
    "CZ": null,
    "DE": null,
    "DK": null,
    "EE": null,
    "EL": null,
    "ES": null,
    "FI": null,
    "FR": null,
    "HR": null,
    "HU": null,
    "IE": null,
    "IT": null,
    "LT": null,
    "LU": null,
    "LV": null,
    "MT": null,
    "NL": null,
    "PL": null,
    "PT": null,
    "RO": null,
    "SI": null,
    "SK": null
  },
  "entry_4": {
    "AT": null,
    "BE": null,
    "BG": null,
    "CY": null,
    "CZ": null,
    "DE": null,
    "DK": null,
    "EE": null,
    "EL": null,
    "ES": null,
    "FI": null,
    "FR": null,
    "HR": null,
    "HU": null,
    "IE": null,
    "IT": null,
    "LT": null,
    "LU": null,
    "LV": null,
    "MT": null,
    "NL": null,
    "PL": null,
    "PT": null,
    "RO": null,
    "SI": null,
    "SK": null
  },
  "entry_5": {
    "AT": null,
    "BE": null,
    "BG": null,
    "CY": null,
    "CZ": null,
    "DE": null,
    "DK": null,
    "EE": null,
    "EL": null,
    "ES": null,
    "FI": null,
    "FR": null,
    "HR": null,
    "HU": null,
    "IE": null,
    "IT": null,
    "LT": null,
    "LU": null,
    "LV": null,
    "MT": null,
    "NL": null,
    "PL": null,
    "PT": null,
    "RO": null,
    "SI": null,
    "SK": null
  }
}
