{
  "entry_1": {
    "AT": 5596.96,
    "BE": 13431.1631,
    "BG": 1210.4566,
    "CY": 51.481,
    "CZ": 7215.0382,
    "DE": 35067.3751,
    "DK": 2765.8244,
    "EE": 521.5262,
    "EL": 1154.866,
    "ES": 10098.2564,
    "FI": 1801.9149,
    "FR": 13161.9205,
    "HR": 651.2791,
    "HU": 4735.5443,
    "IE": 3277.4246,
    "IT": 13242.8534,
    "LT": 1019.8325,
    "LU": 491.211,
    "LV": 520.8346,
    "MT": 77.8232,
    "NL": 24263.3461,
    "PL": 10744.9956,
    "PT": 2310.8504,
    "RO": 2706.6179,
    "SE": 3501.5764,
    "SI": 1616.8811,
    "SK": 3167.6263
  },
  "entry_2": {
    "AT": 5853.8336,
    "BE": 13525.9844,
    "BG": 1164.6711,
    "CY": 51.4878,
    "CZ": 7957.1827,
    "DE": 35745.4723,
    "DK": 2768.8613,
    "EE": 526.3614,
    "EL": 1129.1664,
    "ES": 10098.2564,
    "FI": 1744.2855,
    "FR": 13348.5306,
    "HR": 652.1648,
    "HU": 4806.4988,
    "IE": 3389.961,
    "IT": 13396.9881,
    "LT": 1019.8325,
    "LU": 507.1643,
    "LV": 548.1665,
    "MT": 75.1432,
    "NL": 24263.3483,
    "PL": 10859.0555,
    "PT": 2249.1048,
    "RO": 2720.7503,
    "SE": 4085.3496,
    "SI": 1616.8811,
    "SK": 3480.5327
  },
  "entry_3": {
    "AT": 5831.3781,
    "BE": 13543.3587,
    "BG": 1359.8119,
    "CY": 43.8532,
    "CZ": 9492.3642,
    "DE": 36067.9473,
    "DK": 2782.9628,
    "EE": 456.2702,
    "EL": 1134.0614,
    "ES": 10243.995,
    "FI": 1759.8593,
    "FR": 15376.6987,
    "HR": 657.1981,
    "HU": 4129.9884,
    "IE": 3427.7071,
    "IT": 13566.2055,
    "LT": 1021.567,
    "LU": 432.5709,
    "LV": 621.1923,
    "MT": 77.8154,
    "NL": 19435.2997,
    "PL": 10805.4399,
    "PT": 2336.156,
    "RO": 2787.4397,
    "SE": 4285.2661,
    "SI": 1675.5433,
    "SK": 3485.4108
  },
  "entry_4": {
    "AT": null,
    "BE": null,
    "BG": null,
    "CY": null,
    "CZ": null,
    "DE": null,
    "DK": null,
    "EE": null,
    "EL": null,
    "ES": null,
    "FI": null,
    "FR": null,
    "HR": null,
    "HU": null,
    "IE": null,
    "IT": null,
    "LT": null,
    "LU": null,
    "LV": null,
    "MT": null,
    "NL": null,
    "PL": null,
    "PT": null,
    "RO": null,
    "SE": null,
    "SI": null,
    "SK": null
  },
  "entry_5": {
    "AT": null,
    "BE": null,
    "BG": null,
    "CY": null,
    "CZ": null,
    "DE": null,
    "DK": null,
    "EE": null,
    "EL": null,
    "ES": null,
    "FI": null,
    "FR": null,
    "HR": null,
    "HU": null,
    "IE": null,
    "IT": null,
    "LT": null,
    "LU": null,
    "LV": null,
    "MT": null,
    "NL": null,
    "PL": null,
    "PT": null,
    "RO": null,
    "SE": null,
    "SI": null,
    "SK": null
  }
}
