{
  "entry_1": {
    "AT": 6409624.8,
    "BE": 2249991.5,
    "CY": 842727.1,
    "CZ": 2549406.7,
    "DE": 29862071.6,
    "DK": 2623853.6,
    "EL": 4119020.5,
    "ES": 26443445.7,
    "FI": 1482617.4,
    "FR": 25219092.6,
    "HR": 1658713.5,
    "HU": 1548927.3,
    "IT": 13826500.4,
    "LT": 428607.8,
    "LU": 117541.0,
    "LV": 236051.4,
    "MT": 660574.1,
    "NL": 7909973.1,
    "PL": 4156816.2,
    "PT": 4921801.8,
    "RO": 1377299.5,
    "SE": 4506430.3,
    "SI": 586352.6,
    "SK": 479176.4
  },
  "entry_2": {
    "AT": 5253031.2,
    "BE": 2856589.5,
    "CY": 517192.3,
    "CZ": 2512619.5,
    "DE": 28105616.5,
    "DK": 2640409.5,
    "EL": 3152886.8,
    "ES": 32118145.0,
    "FI": 1507077.8,
    "FR": 18363518.5,
    "HR": 931044.3,
    "HU": 1692708.2,
    "IT": 23166684.9,
    "LT": 482496.0,
    "LU": 173361.9,
    "LV": 240478.7,
    "MT": 661024.2,
    "NL": 9989317.6,
    "PL": 3646676.1,
    "PT": 5825439.6,
    "RO": 3946914.3,
    "SE": 3967305.2,
    "SI": 584663.2,
    "SK": 668663.6
  },
  "entry_3": {
    "AT": 8664620.7,
    "BE": 2915733.3,
    "CY": 1232284.5,
    "CZ": 4286564.4,
    "DE": 36910986.2,
    "DK": 2220603.3,
    "EL": 7098482.2,
    "ES": 36799558.7,
    "FI": 1564127.9,
    "FR": 24187279.1,
    "HR": 3016254.4,
    "HU": 1787217.8,
    "IT": 26264535.0,
    "LT": 485122.3,
    "LU": 180334.1,
    "LV": 316488.3,
    "MT": 735601.6,
    "NL": 9985168.5,
    "PL": 5329516.0,
    "PT": 5700810.5,
    "RO": 1921272.9,
    "SE": 3856377.9,
    "SI": 910436.7,
    "SK": 973069.6
  },
  "entry_4": {
    "AT": null,
    "BE": null,
    "CY": null,
    "CZ": null,
    "DE": null,
    "DK": null,
    "EL": null,
    "ES": null,
    "FI": null,
    "FR": null,
    "HR": null,
    "HU": null,
    "IT": null,
    "LT": null,
    "LU": null,
    "LV": null,
    "MT": null,
    "NL": null,
    "PL": null,
    "PT": null,
    "RO": null,
    "SE": null,
    "SI": null,
    "SK": null
  },
  "entry_5": {
    "AT": null,
    "BE": null,
    "CY": null,
    "CZ": null,
    "DE": null,
    "DK": null,
    "EL": null,
    "ES": null,
    "FI": null,
    "FR": null,
    "HR": null,
    "HU": null,
    "IT": null,
    "LT": null,
    "LU": null,
    "LV": null,
    "MT": null,
    "NL": null,
    "PL": null,
    "PT": null,
    "RO": null,
    "SE": null,
    "SI": null,
    "SK": null
  }
}
