{
  "entry_1": {
    "AT": 5568.2737,
    "BE": 13449.0077,
    "BG": 1169.6385,
    "CY": 49.0942,
    "CZ": 7855.7301,
    "DE": 35727.5294,
    "DK": 2760.2592,
    "EE": 521.9877,
    "EL": 1121.6203,
    "ES": 10067.9723,
    "FI": 1739.879,
    "FR": 12973.4129,
    "HR": 642.7656,
    "HU": 4607.6047,
    "IE": 3907.042,
    "IT": 13153.2,
    "LT": 1038.3005,
    "LU": 493.5016,
    "LV": 536.8926,
    "MT": 77.8274,
    "NL": 24251.2861,
    "PL": 10604.3387,
    "PT": 2322.3301,
    "RO": 2772.3909,
    "SE": 3900.8541,
    "SI": 1655.016,
    "SK": 3397.6355
  },
  "entry_2": {
    "AT": 5760.529,
    "BE": 13985.0613,
    "BG": 1154.2674,
    "CY": 52.992,
    "CZ": 8030.1151,
    "DE": 35780.9576,
    "DK": 2790.651,
    "EE": 525.1634,
    "EL": 1163.6992,
    "ES": 10067.9723,
    "FI": 1746.6578,
    "FR": 13315.3559,
    "HR": 653.7548,
    "HU": 4750.5137,
    "IE": 3563.5188,
    "IT": 13284.1648,
    "LT": 1033.2136,
    "LU": 507.6787,
    "LV": 547.7,
    "MT": 75.3671,
    "NL": 24407.9182,
    "PL": 10745.8809,
    "PT": 2306.6998,
    "RO": 2800.6218,
    "SE": 4086.7755,
    "SI": 1639.9804,
    "SK": 3445.6196
  },
  "entry_3": {
    "AT": 5817.3632,
    "BE": 15404.9928,
    "BG": 1165.5185,
    "CY": 51.969,
    "CZ": 8153.738,
    "DE": 36095.7707,
    "DK": 2800.3921,
    "EE": 529.4179,
    "EL": 1139.4093,
    "ES": 10365.8086,
    "FI": 1756.2101,
    "FR": 13177.8205,
    "HR": 655.7485,
    "HU": 4750.6576,
    "IE": 3701.0892,
    "IT": 13357.5093,
    "LT": 1035.757,
    "LU": 502.5714,
    "LV": 542.9306,
    "MT": 76.1563,
    "NL": 29218.1173,
    "PL": 10993.6467,
    "PT": 2715.4706,
    "RO": 3247.6298,
    "SE": 4089.1424,
    "SI": 1693.4982,
    "SK": 3515.2454
  },
  "entry_4": {
    "AT": null,
    "BE": null,
    "BG": null,
    "CY": null,
    "CZ": null,
    "DE": null,
    "DK": null,
    "EE": null,
    "EL": null,
    "ES": null,
    "FI": null,
    "FR": null,
    "HR": null,
    "HU": null,
    "IE": null,
    "IT": null,
    "LT": null,
    "LU": null,
    "LV": null,
    "MT": null,
    "NL": null,
    "PL": null,
    "PT": null,
    "RO": null,
    "SE": null,
    "SI": null,
    "SK": null
  },
  "entry_5": {
    "AT": null,
    "BE": null,
    "BG": null,
    "CY": null,
    "CZ": null,
    "DE": null,
    "DK": null,
    "EE": null,
    "EL": null,
    "ES": null,
    "FI": null,
    "FR": null,
    "HR": null,
    "HU": null,
    "IE": null,
    "IT": null,
    "LT": null,
    "LU": null,
    "LV": null,
    "MT": null,
    "NL": null,
    "PL": null,
    "PT": null,
    "RO": null,
    "SE": null,
    "SI": null,
    "SK": null
  }
}
