{
  "entry_1": {
    "AT": 150.5,
    "BE": 192.0,
    "BG": 165.2,
    "CY": 150.6,
    "CZ": 146.2,
    "DE": 148.0,
    "DK": 187.3,
    "EE": 170.7,
    "EL": 131.7,
    "ES": 152.0,
    "FI": 140.2,
    "FR": 152.9,
    "HR": 148.3,
    "HU": 261.8,
    "IE": null,
    "IT": 155.8,
    "LT": 157.9,
    "LU": 148.4,
    "LV": 185.9,
    "MT": 117.4,
    "NL": 162.0,
    "PL": 168.4,
    "PT": 131.8,
    "RO": 236.6,
    "SI": 151.5,
    "SK": 207.8
  },
  "entry_2": {
    "AT": 148.1,
    "BE": 192.3,
    "BG": 165.4,
    "CY": 150.8,
    "CZ": 146.8,
    "DE": 147.0,
    "DK": 189.1,
    "EE": 175.8,
    "EL": 134.3,
    "ES": 155.0,
    "FI": 141.7,
    "FR": 152.5,
    "HR": 147.9,
    "HU": 258.7,
    "IE": 158.0,
    "IT": 162.0,
    "LT": 159.5,
    "LU": 148.4,
    "LV": 186.6,
    "MT": 117.2,
    "NL": 163.3,
    "PL": 168.0,
    "PT": 134.3,
    "RO": 238.9,
    "SI": 151.5,
    "SK": 203.2
  },
  "entry_3": {
    "AT": null,
    "BE": null,
    "BG": null,
    "CY": null,
    "CZ": null,
    "DE": null,
    "DK": null,
    "EE": null,
    "EL": null,
    "ES": null,
    "FI": null,
    "FR": null,
    "HR": null,
    "HU": null,
    "IE": null,
    "IT": null,
    "LT": null,
    "LU": null,
    "LV": null,
    "MT": null,
    "NL": null,
    "PL": null,
    "PT": null,
    "RO": null,
    "SI": null,
    "SK": null
  },
  "entry_4": {
    "AT": null,
    "BE": null,
    "BG": null,
    "CY": null,
    "CZ": null,
    "DE": null,
    "DK": null,
    "EE": null,
    "EL": null,
    "ES": null,
    "FI": null,
    "FR": null,
    "HR": null,
    "HU": null,
    "IE": null,
    "IT": null,
    "LT": null,
    "LU": null,
    "LV": null,
    "MT": null,
    "NL": null,
    "PL": null,
    "PT": null,
    "RO": null,
    "SI": null,
    "SK": null
  },
  "entry_5": {
    "AT": null,
    "BE": null,
    "BG": null,
    "CY": null,
    "CZ": null,
    "DE": null,
    "DK": null,
    "EE": null,
    "EL": null,
    "ES": null,
    "FI": null,
    "FR": null,
    "HR": null,
    "HU": null,
    "IE": null,
    "IT": null,
    "LT": null,
    "LU": null,
    "LV": null,
    "MT": null,
    "NL": null,
    "PL": null,
    "PT": null,
    "RO": null,
    "SI": null,
    "SK": null
  }
}
