{
  "entry_1": {
    "AT": 8412793.3,
    "BE": 3387090.9,
    "CY": 2108338.5,
    "CZ": 5880924.0,
    "DE": 39715533.2,
    "DK": 2823892.8,
    "EL": 10059237.3,
    "ES": 43151079.6,
    "FI": 1617715.2,
    "FR": 13783682.5,
    "HR": 2565736.1,
    "HU": 2146856.5,
    "IT": 22714047.3,
    "LT": 555970.6,
    "LU": 234494.4,
    "LV": 271425.5,
    "MT": 801281.7,
    "NL": 10397292.0,
    "PL": 5938587.8,
    "PT": 6792822.6,
    "RO": 1547119.6,
    "SE": 4562974.6,
    "SI": 884385.1,
    "SK": 894974.0
  },
  "entry_2": {
    "AT": 6602247.2,
    "BE": 2286776.9,
    "CY": 655042.4,
    "CZ": 4043906.0,
    "DE": 31455512.5,
    "DK": 1795174.5,
    "EL": 5567724.9,
    "ES": 33817238.0,
    "FI": 1283628.7,
    "FR": 17523395.6,
    "HR": 2473023.8,
    "HU": 1844559.3,
    "IT": 18703077.1,
    "LT": 529094.0,
    "LU": 167993.3,
    "LV": 287665.6,
    "MT": 796070.5,
    "NL": 9451757.9,
    "PL": 6099286.4,
    "PT": 4448280.4,
    "RO": 1560336.6,
    "SE": 3375820.4,
    "SI": 729260.0,
    "SK": 910018.0
  },
  "entry_3": {
    "AT": 7128799.2,
    "BE": 3338347.4,
    "CY": 1172002.9,
    "CZ": 4548576.1,
    "DE": 31949550.4,
    "DK": 2188400.6,
    "EL": 9797159.3,
    "ES": 33493807.4,
    "FI": 1359626.4,
    "FR": 10856510.2,
    "HR": 6614614.3,
    "HU": 1891342.7,
    "IT": 22352698.4,
    "LT": 528689.8,
    "LU": 123693.2,
    "LV": 308316.1,
    "MT": 123693.1,
    "NL": 9313188.2,
    "PL": 5802874.7,
    "PT": 5053635.2,
    "RO": 1502791.8,
    "SE": 2848097.5,
    "SI": 1006874.6,
    "SK": 870348.1
  },
  "entry_4": {
    "AT": null,
    "BE": null,
    "CY": null,
    "CZ": null,
    "DE": null,
    "DK": null,
    "EL": null,
    "ES": null,
    "FI": null,
    "FR": null,
    "HR": null,
    "HU": null,
    "IT": null,
    "LT": null,
    "LU": null,
    "LV": null,
    "MT": null,
    "NL": null,
    "PL": null,
    "PT": null,
    "RO": null,
    "SE": null,
    "SI": null,
    "SK": null
  },
  "entry_5": {
    "AT": null,
    "BE": null,
    "CY": null,
    "CZ": null,
    "DE": null,
    "DK": null,
    "EL": null,
    "ES": null,
    "FI": null,
    "FR": null,
    "HR": null,
    "HU": null,
    "IT": null,
    "LT": null,
    "LU": null,
    "LV": null,
    "MT": null,
    "NL": null,
    "PL": null,
    "PT": null,
    "RO": null,
    "SE": null,
    "SI": null,
    "SK": null
  }
}
