{
  "entry_1": {
    "AT": 9855949.2,
    "BE": 1770291.9,
    "CY": 262227.1,
    "CZ": 2486640.3,
    "DE": 20149070.1,
    "DK": 1247824.0,
    "EL": 742808.3,
    "ES": 17918428.9,
    "FI": 1291682.1,
    "FR": 19070583.5,
    "HR": 505638.0,
    "HU": 1309512.4,
    "IT": 14723651.4,
    "LT": 431225.9,
    "LU": 101649.7,
    "LV": 218737.2,
    "MT": 451242.4,
    "NL": 5179526.1,
    "PL": 5377187.8,
    "PT": 3525449.0,
    "RO": 1271732.8,
    "SE": 2497210.8,
    "SI": 634049.6,
    "SK": 896636.9
  },
  "entry_2": {
    "AT": 11948747.3,
    "BE": 1314301.3,
    "CY": 241032.9,
    "CZ": 2513196.7,
    "DE": 20908641.4,
    "DK": 1074884.7,
    "EL": 1292637.5,
    "ES": 21213175.4,
    "FI": 1281411.2,
    "FR": 18742636.0,
    "HR": 534507.5,
    "HU": 1190367.1,
    "IT": 15375621.8,
    "LT": 433058.0,
    "LU": 97039.2,
    "LV": 209632.6,
    "MT": 401333.9,
    "NL": 5186777.7,
    "PL": 4842528.7,
    "PT": 2784765.6,
    "RO": 914308.5,
    "SE": 3072120.2,
    "SI": 784334.2,
    "SK": 750681.9
  },
  "entry_3": {
    "AT": 10370366.4,
    "BE": 2474296.0,
    "CY": 285178.6,
    "CZ": 2730327.1,
    "DE": 25540295.2,
    "DK": 1513389.3,
    "EL": 1905306.9,
    "ES": 23906456.9,
    "FI": 1534345.1,
    "FR": 20369890.8,
    "HR": 3998503.1,
    "HU": 1402003.4,
    "IT": 12720338.3,
    "LT": 535280.6,
    "LU": 86249.7,
    "LV": 220426.9,
    "MT": 455132.6,
    "NL": 9442985.3,
    "PL": 5813774.9,
    "PT": 4098831.6,
    "RO": 1962204.7,
    "SE": 3150874.8,
    "SI": 706169.8,
    "SK": 1120835.6
  },
  "entry_4": {
    "AT": null,
    "BE": null,
    "CY": null,
    "CZ": null,
    "DE": null,
    "DK": null,
    "EL": null,
    "ES": null,
    "FI": null,
    "FR": null,
    "HR": null,
    "HU": null,
    "IT": null,
    "LT": null,
    "LU": null,
    "LV": null,
    "MT": null,
    "NL": null,
    "PL": null,
    "PT": null,
    "RO": null,
    "SE": null,
    "SI": null,
    "SK": null
  },
  "entry_5": {
    "AT": null,
    "BE": null,
    "CY": null,
    "CZ": null,
    "DE": null,
    "DK": null,
    "EL": null,
    "ES": null,
    "FI": null,
    "FR": null,
    "HR": null,
    "HU": null,
    "IT": null,
    "LT": null,
    "LU": null,
    "LV": null,
    "MT": null,
    "NL": null,
    "PL": null,
    "PT": null,
    "RO": null,
    "SE": null,
    "SI": null,
    "SK": null
  }
}
