{
  "entry_1": {
    "AT": 11670.0339,
    "BE": 27861.3577,
    "BG": 2380.4178,
    "CY": 90.9948,
    "CZ": 17259.5198,
    "DE": 71210.5005,
    "DK": 5805.7783,
    "EE": 1153.6,
    "EL": 2283.0578,
    "ES": 20622.5077,
    "FI": 3618.4206,
    "FR": 27357.4569,
    "HR": 1315.0475,
    "HU": 9661.8119,
    "IE": 8588.7665,
    "IT": 26737.3114,
    "LT": 2083.2386,
    "LU": 1033.3341,
    "LV": 1108.9368,
    "MT": 143.8356,
    "NL": 51635.5,
    "PL": 22063.0206,
    "PT": 4963.3228,
    "RO": 5871.2557,
    "SE": 8535.8902,
    "SI": 3550.7453,
    "SK": 7139.2359
  },
  "entry_2": {
    "AT": 11545.338,
    "BE": 27427.842,
    "BG": 2300.7702,
    "CY": 98.5802,
    "CZ": 16032.4442,
    "DE": 70841.6602,
    "DK": 5586.9704,
    "EE": 1061.2718,
    "EL": 2280.7946,
    "ES": 20493.7894,
    "FI": 3480.4099,
    "FR": 26701.4135,
    "HR": 1297.4447,
    "HU": 9431.453,
    "IE": 7084.4401,
    "IT": 26535.9262,
    "LT": 2048.1308,
    "LU": 1011.8024,
    "LV": 1088.8033,
    "MT": 146.3629,
    "NL": 49085.6502,
    "PL": 21635.0665,
    "PT": 4697.3736,
    "RO": 5578.0414,
    "SE": 8192.1783,
    "SI": 3333.6521,
    "SK": 6943.8842
  },
  "entry_3": {
    "AT": 11448.5135,
    "BE": 27503.5694,
    "BG": 2307.4285,
    "CY": 94.9711,
    "CZ": 16628.2872,
    "DE": 70425.386,
    "DK": 5680.864,
    "EE": 1099.4255,
    "EL": 2267.0721,
    "ES": 20183.8989,
    "FI": 3558.438,
    "FR": 26775.1686,
    "HR": 1254.0676,
    "HU": 9382.8959,
    "IE": 7900.5855,
    "IT": 26233.4141,
    "LT": 2069.2478,
    "LU": 1008.6508,
    "LV": 1096.734,
    "MT": 147.1126,
    "NL": 50166.9418,
    "PL": 21674.0457,
    "PT": 4810.6639,
    "RO": 5580.344,
    "SE": 8228.4112,
    "SI": 3424.4699,
    "SK": 7023.1314
  },
  "entry_4": {
    "AT": null,
    "BE": null,
    "BG": null,
    "CY": null,
    "CZ": null,
    "DE": null,
    "DK": null,
    "EE": null,
    "EL": null,
    "ES": null,
    "FI": null,
    "FR": null,
    "HR": null,
    "HU": null,
    "IE": null,
    "IT": null,
    "LT": null,
    "LU": null,
    "LV": null,
    "MT": null,
    "NL": null,
    "PL": null,
    "PT": null,
    "RO": null,
    "SE": null,
    "SI": null,
    "SK": null
  },
  "entry_5": {
    "AT": null,
    "BE": null,
    "BG": null,
    "CY": null,
    "CZ": null,
    "DE": null,
    "DK": null,
    "EE": null,
    "EL": null,
    "ES": null,
    "FI": null,
    "FR": null,
    "HR": null,
    "HU": null,
    "IE": null,
    "IT": null,
    "LT": null,
    "LU": null,
    "LV": null,
    "MT": null,
    "NL": null,
    "PL": null,
    "PT": null,
    "RO": null,
    "SE": null,
    "SI": null,
    "SK": null
  }
}
