{
  "entry_1": {
    "AT": 3633.8215,
    "BE": 14861.1161,
    "BG": 1851.813,
    "CY": 636.2,
    "CZ": 5544.2011,
    "DE": 38363.9772,
    "DK": 3296.63,
    "EE": 283.2825,
    "EL": 3263.2993,
    "ES": 16240.209,
    "FI": 1877.1862,
    "FR": 21259.0436,
    "HR": 822.651,
    "HU": 3261.208,
    "IE": 6558.6763,
    "IT": 20429.4199,
    "LT": 1062.2591,
    "LU": 168.1249,
    "LV": 286.2756,
    "MT": 245.3334,
    "NL": 37249.7868,
    "PL": 10058.9127,
    "PT": 2267.9514,
    "RO": 3137.32,
    "SE": 4742.8815,
    "SI": 4842.3838,
    "SK": 1899.8669
  },
  "entry_2": {
    "AT": 3574.8517,
    "BE": 14905.6508,
    "BG": 1752.5263,
    "CY": 410.1874,
    "CZ": 5027.8161,
    "DE": 37542.2365,
    "DK": 3110.5217,
    "EE": 271.5852,
    "EL": 3410.2579,
    "ES": 15932.5145,
    "FI": 1820.8085,
    "FR": 20936.1843,
    "HR": 793.3372,
    "HU": 3310.1336,
    "IE": 6441.2949,
    "IT": 19802.4349,
    "LT": 1062.3739,
    "LU": 155.3947,
    "LV": 317.5621,
    "MT": 247.3664,
    "NL": 36355.0206,
    "PL": 9454.3895,
    "PT": 2247.6937,
    "RO": 2912.2892,
    "SE": 4770.8291,
    "SI": 3930.6,
    "SK": 1737.6559
  },
  "entry_3": {
    "AT": 3451.6594,
    "BE": 14462.4088,
    "BG": 1791.5746,
    "CY": 489.2228,
    "CZ": 5285.0996,
    "DE": 37273.6917,
    "DK": 3228.4369,
    "EE": 276.7408,
    "EL": 3339.4418,
    "ES": 16097.0975,
    "FI": 1847.4404,
    "FR": 21127.6431,
    "HR": 812.234,
    "HU": 3165.6233,
    "IE": 6576.5267,
    "IT": 19842.2519,
    "LT": 1084.3092,
    "LU": 160.9329,
    "LV": 294.3454,
    "MT": 249.764,
    "NL": 36308.8943,
    "PL": 9757.58,
    "PT": 2230.7083,
    "RO": 3040.1131,
    "SE": 4767.0422,
    "SI": 4736.8867,
    "SK": 1797.1607
  },
  "entry_4": {
    "AT": null,
    "BE": null,
    "BG": null,
    "CY": null,
    "CZ": null,
    "DE": null,
    "DK": null,
    "EE": null,
    "EL": null,
    "ES": null,
    "FI": null,
    "FR": null,
    "HR": null,
    "HU": null,
    "IE": null,
    "IT": null,
    "LT": null,
    "LU": null,
    "LV": null,
    "MT": null,
    "NL": null,
    "PL": null,
    "PT": null,
    "RO": null,
    "SE": null,
    "SI": null,
    "SK": null
  },
  "entry_5": {
    "AT": null,
    "BE": null,
    "BG": null,
    "CY": null,
    "CZ": null,
    "DE": null,
    "DK": null,
    "EE": null,
    "EL": null,
    "ES": null,
    "FI": null,
    "FR": null,
    "HR": null,
    "HU": null,
    "IE": null,
    "IT": null,
    "LT": null,
    "LU": null,
    "LV": null,
    "MT": null,
    "NL": null,
    "PL": null,
    "PT": null,
    "RO": null,
    "SE": null,
    "SI": null,
    "SK": null
  }
}
