{
  "entry_1": {
    "AT": 147.7,
    "BE": 213.6,
    "BG": 228.7,
    "CY": 137.1,
    "CZ": 141.1,
    "DE": 167.3,
    "DK": 199.8,
    "EE": 185.8,
    "EL": 145.1,
    "ES": 156.1,
    "FI": 149.4,
    "FR": 149.9,
    "HR": 144.7,
    "HU": 262.1,
    "IE": null,
    "IT": 178.3,
    "LT": 165.8,
    "LU": 142.7,
    "LV": 211.0,
    "MT": 117.7,
    "NL": 164.8,
    "PL": 165.9,
    "PT": 131.2,
    "RO": 241.9,
    "SI": 144.3,
    "SK": 169.0
  },
  "entry_2": {
    "AT": 147.9,
    "BE": 210.6,
    "BG": 209.4,
    "CY": 139.3,
    "CZ": 138.7,
    "DE": 162.2,
    "DK": 200.3,
    "EE": 185.6,
    "EL": 148.9,
    "ES": 154.4,
    "FI": 149.8,
    "FR": 148.7,
    "HR": 144.2,
    "HU": 263.6,
    "IE": 223.4,
    "IT": 183.4,
    "LT": 164.2,
    "LU": 144.6,
    "LV": 211.0,
    "MT": 117.8,
    "NL": 165.2,
    "PL": 164.9,
    "PT": 132.9,
    "RO": 235.8,
    "SI": 143.7,
    "SK": 161.9
  },
  "entry_3": {
    "AT": null,
    "BE": null,
    "BG": null,
    "CY": null,
    "CZ": null,
    "DE": null,
    "DK": null,
    "EE": null,
    "EL": null,
    "ES": null,
    "FI": null,
    "FR": null,
    "HR": null,
    "HU": null,
    "IE": null,
    "IT": null,
    "LT": null,
    "LU": null,
    "LV": null,
    "MT": null,
    "NL": null,
    "PL": null,
    "PT": null,
    "RO": null,
    "SI": null,
    "SK": null
  },
  "entry_4": {
    "AT": null,
    "BE": null,
    "BG": null,
    "CY": null,
    "CZ": null,
    "DE": null,
    "DK": null,
    "EE": null,
    "EL": null,
    "ES": null,
    "FI": null,
    "FR": null,
    "HR": null,
    "HU": null,
    "IE": null,
    "IT": null,
    "LT": null,
    "LU": null,
    "LV": null,
    "MT": null,
    "NL": null,
    "PL": null,
    "PT": null,
    "RO": null,
    "SI": null,
    "SK": null
  },
  "entry_5": {
    "AT": null,
    "BE": null,
    "BG": null,
    "CY": null,
    "CZ": null,
    "DE": null,
    "DK": null,
    "EE": null,
    "EL": null,
    "ES": null,
    "FI": null,
    "FR": null,
    "HR": null,
    "HU": null,
    "IE": null,
    "IT": null,
    "LT": null,
    "LU": null,
    "LV": null,
    "MT": null,
    "NL": null,
    "PL": null,
    "PT": null,
    "RO": null,
    "SI": null,
    "SK": null
  }
}
