{
  "entry_1": {
    "AT": 11145.9222,
    "BE": 27617.3607,
    "BG": 2277.2762,
    "CY": 84.5726,
    "CZ": 16508.1172,
    "DE": 68233.1288,
    "DK": 5638.7794,
    "EE": 1101.172,
    "EL": 2229.5683,
    "ES": 20047.6849,
    "FI": 3614.0083,
    "FR": 27140.856,
    "HR": 1317.0011,
    "HU": 9204.6073,
    "IE": 7177.3834,
    "IT": 26294.9878,
    "LT": 2029.8277,
    "LU": 990.1131,
    "LV": 1085.8918,
    "MT": 143.2359,
    "NL": 49616.7626,
    "PL": 21673.4118,
    "PT": 4673.5958,
    "RO": 5533.4314,
    "SE": 8221.0093,
    "SI": 3489.6938,
    "SK": 7217.6346
  },
  "entry_2": {
    "AT": 11094.6478,
    "BE": 27560.2635,
    "BG": 2277.2762,
    "CY": 99.4631,
    "CZ": 15834.5237,
    "DE": 69660.255,
    "DK": 5539.4935,
    "EE": 1043.9241,
    "EL": 2281.8182,
    "ES": 20220.63,
    "FI": 3461.2381,
    "FR": 26480.1886,
    "HR": 1286.4619,
    "HU": 9351.7563,
    "IE": 7048.7737,
    "IT": 26095.8979,
    "LT": 2029.8277,
    "LU": 991.056,
    "LV": 1085.914,
    "MT": 142.7725,
    "NL": 48921.4845,
    "PL": 21361.0787,
    "PT": 4608.489,
    "RO": 5517.8356,
    "SE": 8045.215,
    "SI": 3317.4511,
    "SK": 6830.9078
  },
  "entry_3": {
    "AT": 11130.8363,
    "BE": 27053.3181,
    "BG": 2229.5771,
    "CY": 91.4307,
    "CZ": 16044.1225,
    "DE": 69152.2235,
    "DK": 5563.0566,
    "EE": 1063.0776,
    "EL": 2250.9016,
    "ES": 19762.3798,
    "FI": 3539.5551,
    "FR": 26900.2602,
    "HR": 1262.6685,
    "HU": 9400.7177,
    "IE": 7423.6263,
    "IT": 26257.3805,
    "LT": 1988.8376,
    "LU": 982.0833,
    "LV": 1078.6941,
    "MT": 144.1198,
    "NL": 48267.8568,
    "PL": 21370.3331,
    "PT": 4596.4549,
    "RO": 5631.4085,
    "SE": 8066.4326,
    "SI": 3394.2168,
    "SK": 7018.0769
  },
  "entry_4": {
    "AT": null,
    "BE": null,
    "BG": null,
    "CY": null,
    "CZ": null,
    "DE": null,
    "DK": null,
    "EE": null,
    "EL": null,
    "ES": null,
    "FI": null,
    "FR": null,
    "HR": null,
    "HU": null,
    "IE": null,
    "IT": null,
    "LT": null,
    "LU": null,
    "LV": null,
    "MT": null,
    "NL": null,
    "PL": null,
    "PT": null,
    "RO": null,
    "SE": null,
    "SI": null,
    "SK": null
  },
  "entry_5": {
    "AT": null,
    "BE": null,
    "BG": null,
    "CY": null,
    "CZ": null,
    "DE": null,
    "DK": null,
    "EE": null,
    "EL": null,
    "ES": null,
    "FI": null,
    "FR": null,
    "HR": null,
    "HU": null,
    "IE": null,
    "IT": null,
    "LT": null,
    "LU": null,
    "LV": null,
    "MT": null,
    "NL": null,
    "PL": null,
    "PT": null,
    "RO": null,
    "SE": null,
    "SI": null,
    "SK": null
  }
}
