{
  "entry_1": {
    "AT": 12265804.3,
    "BE": 2276010.5,
    "CY": 144912.6,
    "CZ": 3706861.1,
    "DE": 22854084.6,
    "DK": 1714687.5,
    "EL": 1654995.4,
    "ES": 22951744.4,
    "FI": 1704891.6,
    "FR": 22054783.7,
    "HR": 772132.3,
    "HU": 1552276.2,
    "IT": 15973782.5,
    "LT": 445214.7,
    "LU": 113891.9,
    "LV": 227152.9,
    "MT": 496156.6,
    "NL": 5978535.7,
    "PL": 6150258.2,
    "PT": 3836054.5,
    "RO": 1454755.2,
    "SE": 3119976.1,
    "SI": 682419.3,
    "SK": 1088521.5
  },
  "entry_2": {
    "AT": 12349524.9,
    "BE": 1796729.2,
    "CY": 208960.0,
    "CZ": 3151088.5,
    "DE": 22836851.7,
    "DK": 1239297.8,
    "EL": 1374431.1,
    "ES": 25465530.3,
    "FI": 1767815.7,
    "FR": 22161159.3,
    "HR": 597105.0,
    "HU": 1386567.5,
    "IT": 18456998.5,
    "LT": 426187.0,
    "LU": 115045.6,
    "LV": 230213.3,
    "MT": 407308.4,
    "NL": 5606451.3,
    "PL": 5576906.0,
    "PT": 3401450.2,
    "RO": 1272976.1,
    "SE": 3351667.6,
    "SI": 908486.5,
    "SK": 913754.5
  },
  "entry_3": {
    "AT": 12045677.1,
    "BE": 2964870.9,
    "CY": 415010.2,
    "CZ": 3397920.9,
    "DE": 28071420.2,
    "DK": 1834062.1,
    "EL": 2499871.1,
    "ES": 24708828.5,
    "FI": 1673981.9,
    "FR": 22262537.3,
    "HR": 1473122.6,
    "HU": 1452199.2,
    "IT": 17762831.7,
    "LT": 520911.6,
    "LU": 147590.1,
    "LV": 310102.9,
    "MT": 493203.7,
    "NL": 9180182.0,
    "PL": 6221219.8,
    "PT": 4460838.9,
    "RO": 2335848.1,
    "SE": 3157095.9,
    "SI": 794255.4,
    "SK": 1167647.2
  },
  "entry_4": {
    "AT": null,
    "BE": null,
    "CY": null,
    "CZ": null,
    "DE": null,
    "DK": null,
    "EL": null,
    "ES": null,
    "FI": null,
    "FR": null,
    "HR": null,
    "HU": null,
    "IT": null,
    "LT": null,
    "LU": null,
    "LV": null,
    "MT": null,
    "NL": null,
    "PL": null,
    "PT": null,
    "RO": null,
    "SE": null,
    "SI": null,
    "SK": null
  },
  "entry_5": {
    "AT": null,
    "BE": null,
    "CY": null,
    "CZ": null,
    "DE": null,
    "DK": null,
    "EL": null,
    "ES": null,
    "FI": null,
    "FR": null,
    "HR": null,
    "HU": null,
    "IT": null,
    "LT": null,
    "LU": null,
    "LV": null,
    "MT": null,
    "NL": null,
    "PL": null,
    "PT": null,
    "RO": null,
    "SE": null,
    "SI": null,
    "SK": null
  }
}
