{
  "entry_1": {
    "AT": 126.6,
    "BE": 120.3,
    "BG": 129.6,
    "CY": 132.9,
    "CZ": 117.1,
    "DE": 95.1,
    "DK": 137.6,
    "EE": 122.8,
    "EL": 121.3,
    "ES": 107.1,
    "FI": 117.9,
    "FR": 98.8,
    "HR": 112.1,
    "HU": 127.0,
    "IT": 106.7,
    "LT": 160.1,
    "LV": 123.3,
    "MT": 110.3,
    "PL": 152.7,
    "PT": 101.2,
    "RO": 110.2,
    "SE": 117.7,
    "SI": 134.4,
    "SK": 106.7
  },
  "entry_2": {
    "AT": 126.1,
    "BE": 117.7,
    "BG": 129.8,
    "CY": 132.7,
    "CZ": 116.3,
    "DE": 94.0,
    "DK": 137.1,
    "EE": 123.9,
    "EL": 122.2,
    "ES": 107.1,
    "FI": 117.8,
    "FR": 97.7,
    "HR": 111.1,
    "HU": 127.0,
    "IT": 107.2,
    "LT": 162.5,
    "LV": 122.9,
    "MT": 103.7,
    "PL": 152.3,
    "PT": 100.13,
    "RO": 108.21,
    "SE": 116.3,
    "SI": 134.5,
    "SK": 106.3
  },
  "entry_3": {
    "AT": null,
    "BE": null,
    "BG": null,
    "CY": null,
    "CZ": null,
    "DE": null,
    "DK": null,
    "EE": null,
    "EL": null,
    "ES": null,
    "FI": null,
    "FR": null,
    "HR": null,
    "HU": null,
    "IT": null,
    "LT": null,
    "LV": null,
    "MT": null,
    "PL": null,
    "PT": null,
    "RO": null,
    "SE": null,
    "SI": null,
    "SK": null
  },
  "entry_4": {
    "AT": null,
    "BE": null,
    "BG": null,
    "CY": null,
    "CZ": null,
    "DE": null,
    "DK": null,
    "EE": null,
    "EL": null,
    "ES": null,
    "FI": null,
    "FR": null,
    "HR": null,
    "HU": null,
    "IT": null,
    "LT": null,
    "LV": null,
    "MT": null,
    "PL": null,
    "PT": null,
    "RO": null,
    "SE": null,
    "SI": null,
    "SK": null
  },
  "entry_5": {
    "AT": null,
    "BE": null,
    "BG": null,
    "CY": null,
    "CZ": null,
    "DE": null,
    "DK": null,
    "EE": null,
    "EL": null,
    "ES": null,
    "FI": null,
    "FR": null,
    "HR": null,
    "HU": null,
    "IT": null,
    "LT": null,
    "LV": null,
    "MT": null,
    "PL": null,
    "PT": null,
    "RO": null,
    "SE": null,
    "SI": null,
    "SK": null
  }
}
