{
  "entry_1": {
    "AT": 5365.0453,
    "BE": 14002.3697,
    "BG": 1204.8304,
    "CY": 276.7836,
    "CZ": 4527.7,
    "DE": 59993.0114,
    "DK": 4879.0423,
    "EE": 423.6939,
    "EL": 1758.9491,
    "ES": 12145.8152,
    "FI": 2638.5366,
    "FR": 22413.5306,
    "HR": 706.6853,
    "HU": 2859.9311,
    "IE": 12458.7975,
    "IT": 25340.0877,
    "LT": 1057.0693,
    "LU": 252.1139,
    "LV": 490.5,
    "MT": 226.5,
    "NL": 22865.9,
    "PL": 7935.9473,
    "PT": 1911.0582,
    "RO": 2236.2943,
    "SE": 6893.6936,
    "SI": 3060.9349,
    "SK": 2228.4
  },
  "entry_2": {
    "AT": 5275.7934,
    "BE": 13576.8139,
    "BG": 1316.14,
    "CY": 260.7995,
    "CZ": 3979.0809,
    "DE": 59512.8861,
    "DK": 4616.5263,
    "EE": 399.6592,
    "EL": 1851.0046,
    "ES": 12107.903,
    "FI": 2625.5402,
    "FR": 22600.7969,
    "HR": 672.2212,
    "HU": 2740.5966,
    "IE": 10845.4367,
    "IT": 25340.0877,
    "LT": 1072.4733,
    "LU": 240.3588,
    "LV": 490.5,
    "MT": 143.3988,
    "NL": 21913.6975,
    "PL": 7602.7118,
    "PT": 1934.2461,
    "RO": 2136.7082,
    "SE": 6893.6936,
    "SI": 2814.3663,
    "SK": 1979.3589
  },
  "entry_3": {
    "AT": 5264.9566,
    "BE": 13702.8472,
    "BG": 1252.4274,
    "CY": 266.9128,
    "CZ": 4253.5939,
    "DE": 59757.6363,
    "DK": 4805.6375,
    "EE": 411.2004,
    "EL": 1805.8534,
    "ES": 11956.7316,
    "FI": 2623.989,
    "FR": 21935.4459,
    "HR": 686.0068,
    "HU": 2810.8922,
    "IE": 11977.3392,
    "IT": 23613.9938,
    "LT": 1069.4168,
    "LU": 237.6274,
    "LV": 462.3215,
    "MT": 158.5249,
    "NL": 22320.8889,
    "PL": 7669.9796,
    "PT": 1913.0956,
    "RO": 2171.6162,
    "SE": 6886.1395,
    "SI": 2939.8167,
    "SK": 2043.127
  },
  "entry_4": {
    "AT": null,
    "BE": null,
    "BG": null,
    "CY": null,
    "CZ": null,
    "DE": null,
    "DK": null,
    "EE": null,
    "EL": null,
    "ES": null,
    "FI": null,
    "FR": null,
    "HR": null,
    "HU": null,
    "IE": null,
    "IT": null,
    "LT": null,
    "LU": null,
    "LV": null,
    "MT": null,
    "NL": null,
    "PL": null,
    "PT": null,
    "RO": null,
    "SE": null,
    "SI": null,
    "SK": null
  },
  "entry_5": {
    "AT": null,
    "BE": null,
    "BG": null,
    "CY": null,
    "CZ": null,
    "DE": null,
    "DK": null,
    "EE": null,
    "EL": null,
    "ES": null,
    "FI": null,
    "FR": null,
    "HR": null,
    "HU": null,
    "IE": null,
    "IT": null,
    "LT": null,
    "LU": null,
    "LV": null,
    "MT": null,
    "NL": null,
    "PL": null,
    "PT": null,
    "RO": null,
    "SE": null,
    "SI": null,
    "SK": null
  }
}
