{
  "entry_1": {
    "AT": 3548.9884,
    "BE": 14318.9474,
    "BG": 1807.7784,
    "CY": 568.8,
    "CZ": 5365.4101,
    "DE": 38188.0614,
    "DK": 3762.0619,
    "EE": 290.3293,
    "EL": 3354.3705,
    "ES": 16518.117,
    "FI": 1685.5285,
    "FR": 21610.3244,
    "HR": 806.9872,
    "HU": 3260.2648,
    "IE": 6717.6789,
    "IT": 20609.1248,
    "LT": 1139.684,
    "LU": 160.8504,
    "LV": 306.8193,
    "MT": 220.3384,
    "NL": 36322.8955,
    "PL": 10043.5122,
    "PT": 2070.2803,
    "RO": 3043.3721,
    "SE": 4816.5788,
    "SI": 3744.9448,
    "SK": 1811.1224
  },
  "entry_2": {
    "AT": 3563.2931,
    "BE": 14885.5837,
    "BG": 1842.8802,
    "CY": 419.5963,
    "CZ": 5159.195,
    "DE": 37918.2466,
    "DK": 3701.0726,
    "EE": 270.2713,
    "EL": 3428.7362,
    "ES": 16220.1665,
    "FI": 1799.0649,
    "FR": 21118.3688,
    "HR": 806.9872,
    "HU": 3293.9977,
    "IE": 6535.6555,
    "IT": 20194.7664,
    "LT": 1096.1556,
    "LU": 154.9585,
    "LV": 322.6528,
    "MT": 248.2127,
    "NL": 36322.8955,
    "PL": 10008.7015,
    "PT": 2234.3298,
    "RO": 2940.8159,
    "SE": 4846.3377,
    "SI": 3856.4999,
    "SK": 1765.4394
  },
  "entry_3": {
    "AT": 3597.8575,
    "BE": 14524.5624,
    "BG": 1842.5181,
    "CY": 498.1958,
    "CZ": 5212.4286,
    "DE": 38398.5442,
    "DK": 3772.5084,
    "EE": 284.2173,
    "EL": 3371.2082,
    "ES": 16361.7806,
    "FI": 1768.1447,
    "FR": 21330.557,
    "HR": 828.0187,
    "HU": 3280.6179,
    "IE": 6668.6858,
    "IT": 20842.3576,
    "LT": 1108.4652,
    "LU": 156.4012,
    "LV": 317.6953,
    "MT": 236.3259,
    "NL": 37110.0185,
    "PL": 10092.3273,
    "PT": 2166.0935,
    "RO": 3036.9861,
    "SE": 4845.5526,
    "SI": 4061.4101,
    "SK": 1803.3432
  },
  "entry_4": {
    "AT": null,
    "BE": null,
    "BG": null,
    "CY": null,
    "CZ": null,
    "DE": null,
    "DK": null,
    "EE": null,
    "EL": null,
    "ES": null,
    "FI": null,
    "FR": null,
    "HR": null,
    "HU": null,
    "IE": null,
    "IT": null,
    "LT": null,
    "LU": null,
    "LV": null,
    "MT": null,
    "NL": null,
    "PL": null,
    "PT": null,
    "RO": null,
    "SE": null,
    "SI": null,
    "SK": null
  },
  "entry_5": {
    "AT": null,
    "BE": null,
    "BG": null,
    "CY": null,
    "CZ": null,
    "DE": null,
    "DK": null,
    "EE": null,
    "EL": null,
    "ES": null,
    "FI": null,
    "FR": null,
    "HR": null,
    "HU": null,
    "IE": null,
    "IT": null,
    "LT": null,
    "LU": null,
    "LV": null,
    "MT": null,
    "NL": null,
    "PL": null,
    "PT": null,
    "RO": null,
    "SE": null,
    "SI": null,
    "SK": null
  }
}
