{
  "entry_1": {
    "AT": 4026001.1,
    "BE": 2535920.7,
    "CY": 753760.9,
    "CZ": 2538629.1,
    "DE": 24118103.5,
    "DK": 2131174.9,
    "EL": 1797052.9,
    "ES": 27334456.3,
    "FI": 1551320.7,
    "FR": 19212988.3,
    "HR": 1475260.5,
    "HU": 1587477.4,
    "IT": 16400295.7,
    "LT": 460186.9,
    "LU": 168048.3,
    "LV": 225695.6,
    "MT": 501778.0,
    "NL": 6633106.6,
    "PL": 5071320.9,
    "PT": 4179874.1,
    "RO": 1236420.2,
    "SE": 3950062.9,
    "SI": 474869.5,
    "SK": 744956.0
  },
  "entry_2": {
    "AT": 3111962.2,
    "BE": 1827356.3,
    "CY": 426667.6,
    "CZ": 2434448.8,
    "DE": 21086591.4,
    "DK": 1529142.0,
    "EL": 1585531.4,
    "ES": 21619769.0,
    "FI": 1393346.7,
    "FR": 17586935.6,
    "HR": 727324.7,
    "HU": 1435445.3,
    "IT": 13364536.1,
    "LT": 452214.4,
    "LU": 132438.3,
    "LV": 233736.7,
    "MT": 536355.0,
    "NL": 5832632.3,
    "PL": 5011362.4,
    "PT": 3145841.1,
    "RO": 1392087.0,
    "SE": 3788989.1,
    "SI": 641075.1,
    "SK": 733393.8
  },
  "entry_3": {
    "AT": 5030983.1,
    "BE": 2847319.8,
    "CY": 413178.6,
    "CZ": 2556841.7,
    "DE": 24123425.3,
    "DK": 2605990.8,
    "EL": 3223903.5,
    "ES": 30581091.2,
    "FI": 1456048.8,
    "FR": 17348423.0,
    "HR": 1318008.7,
    "HU": 1400174.1,
    "IT": 16632734.9,
    "LT": 556096.1,
    "LU": 116329.8,
    "LV": 346255.9,
    "MT": 458674.1,
    "NL": 9765457.2,
    "PL": 6136329.6,
    "PT": 2885491.0,
    "RO": 1437560.2,
    "SE": 3414969.2,
    "SI": 889361.3,
    "SK": 842728.0
  },
  "entry_4": {
    "AT": null,
    "BE": null,
    "CY": null,
    "CZ": null,
    "DE": null,
    "DK": null,
    "EL": null,
    "ES": null,
    "FI": null,
    "FR": null,
    "HR": null,
    "HU": null,
    "IT": null,
    "LT": null,
    "LU": null,
    "LV": null,
    "MT": null,
    "NL": null,
    "PL": null,
    "PT": null,
    "RO": null,
    "SE": null,
    "SI": null,
    "SK": null
  },
  "entry_5": {
    "AT": null,
    "BE": null,
    "CY": null,
    "CZ": null,
    "DE": null,
    "DK": null,
    "EL": null,
    "ES": null,
    "FI": null,
    "FR": null,
    "HR": null,
    "HU": null,
    "IT": null,
    "LT": null,
    "LU": null,
    "LV": null,
    "MT": null,
    "NL": null,
    "PL": null,
    "PT": null,
    "RO": null,
    "SE": null,
    "SI": null,
    "SK": null
  }
}
